SIZES
  narena                15728640
  nbuffer               847760
  nplugin               0
  maxuse_stack          28060
  maxuse_arena          64324
  maxuse_con            8
  maxuse_efc            32
  solver_nisland        1
  ne                    0
  nf                    0
  nl                    0
  nefc                  20
  nnzJ                  700
  ncon                  5
  nisland               0
  threadpool            0

TIMER
    0:  duration =  1.6        number = 17
    1:  duration =  1.6        number = 17
    2:  duration =  0          number = 0
    3:  duration =  1.3        number = 17
    4:  duration =  0.043      number = 17
    5:  duration =  0.014      number = 17
    6:  duration =  0.21       number = 17
    7:  duration =  0.0072     number = 17
    8:  duration =  0.081      number = 17
    9:  duration =  0.05       number = 17
    10:  duration =  1.1        number = 17
    11:  duration =  0.064      number = 17
    12:  duration =  0.00081    number = 17
    13:  duration =  0.17       number = 17
    14:  duration =  0.45       number = 17

SOLVER STAT
  solver_nisland = 1
  solver_fwdinv =   0         0       
  ISLAND 0
    solver_niter = 1
    solver_nnz = 1225
      0:  improvement =  9.6e-05     gradient =  4.9e-16     lineslope =  0       
          nactive = 20   nchange = 0   neval = 2   nupdate = 0

ENERGY =   0         0       

TIME =  3.8e+02 

QPOS
   2.3     
  -0.029   
   0.78    
   1       
  -0.017   
   0.013   
   0.06    
  -0.043   
  -0.1     
   0.059   
   0.28    
  -0.27    
   0.13    
  -0.04    
   0.086   
   0.038   
   0.44    
  -0.28    
  -0.039   
   0.018   
   0.0098  
   0.082   
  -0.15    
   0.27    
   0.19    
   0.79    
   0.033   
   0.1     
   0.14    
   0.12    
  -0.2     
  -0.31    
   0.9     
  -0.15    
   0.14    
   0.07    

QVEL
  -0.013   
   0.027   
  -0.0016  
  -0.0081  
   0.032   
   0.026   
  -0.071   
  -0.036   
  -0.0059  
   0.031   
   0.02    
  -0.023   
  -0.028   
  -0.04    
  -0.018   
  -0.037   
  -0.02    
   0.021   
  -0.013   
   0.3     
   0.096   
  -0.082   
   0.065   
   0.091   
  -0.015   
  -0.1     
  -0.022   
  -0.14    
   0.087   
   0.19    
   0.0051  
  -0.066   
  -0.034   
  -0.044   
  -0.15    

QACC_WARMSTART
  -0.13    
  -0.33    
   0.16    
   0.13    
   0.1     
  -0.39    
  -0.19    
   0.73    
   0.37    
  -0.45    
   1.2     
  -4.7     
  -0.72    
   0.17    
  -0.81    
   0.33    
   1.2     
  -0.18    
   0.066   
  -2.3     
   1.5     
   0.14    
  -0.2     
  -0.22    
  -0.058   
   0.99    
   0.38    
   1.2     
   0.57    
  -0.3     
  -0.079   
  -0.25    
   0.36    
   0.22    
   0.98    

CTRL
   6.9     
   16      
  -2.6     
   6.4     
   26      
  -2.7     
  -1.5     
   1.9     
  -0.46    
  -0.2     
   10      
   1       
  -0.41    
  -0.6     
  -5.3     
  -1.4     
   1.5     
   0.25    
  -1.2     
   0.024   
  -0.23    
   0.053   
   0.55    
  -2.2     
  -0.48    
  -0.7     
  -0.017   
  -0.11    
  -0.064   

QFRC_APPLIED
   0       
   0       
   0       
   0       
   0       
   0       
   0       
   0       
   0       
   0       
   0       
   0       
   0       
   0       
   0       
   0       
   0       
   0       
   0       
   0       
   0       
   0       
   0       
   0       
   0       
   0       
   0       
   0       
   0       
   0       
   0       
   0       
   0       
   0       
   0       

XFRC_APPLIED
   0         0         0         0         0         0       
   0         0         0         0         0         0       
   0         0         0         0         0         0       
   0         0         0         0         0         0       
   0         0         0         0         0         0       
   0         0         0         0         0         0       
   0         0         0         0         0         0       
   0         0         0         0         0         0       
   0         0         0         0         0         0       
   0         0         0         0         0         0       
   0         0         0         0         0         0       
   0         0         0         0         0         0       
   0         0         0         0         0         0       
   0         0         0         0         0         0       
   0         0         0         0         0         0       
   0         0         0         0         0         0       
   0         0         0         0         0         0       
   0         0         0         0         0         0       
   0         0         0         0         0         0       
   0         0         0         0         0         0       
   0         0         0         0         0         0       
   0         0         0         0         0         0       
   0         0         0         0         0         0       
   0         0         0         0         0         0       
   0         0         0         0         0         0       
   0         0         0         0         0         0       
   0         0         0         0         0         0       
   0         0         0         0         0         0       
   0         0         0         0         0         0       
   0         0         0         0         0         0       
   0         0         0         0         0         0       

QACC
  -0.13    
  -0.33    
   0.16    
   0.13    
   0.1     
  -0.39    
  -0.19    
   0.73    
   0.37    
  -0.45    
   1.2     
  -4.7     
  -0.72    
   0.17    
  -0.81    
   0.33    
   1.2     
  -0.18    
   0.066   
  -2.3     
   1.5     
   0.14    
  -0.2     
  -0.22    
  -0.058   
   0.99    
   0.38    
   1.2     
   0.57    
  -0.3     
  -0.079   
  -0.25    
   0.36    
   0.22    
   0.98    

XPOS
   0         0         0       
   2.3      -0.029     0.78    
   2.3       0.031     0.67    
   2.3       0.082     0.64    
   2.4       0.071     0.52    
   2.3       0.039     0.34    
   2.3      -0.016     0.052   
   2.3      -0.018     0.035   
   2.3      -0.097     0.68    
   2.4      -0.15      0.65    
   2.4      -0.14      0.53    
   2.4      -0.14      0.34    
   2.2      -0.15      0.069   
   2.2      -0.15      0.052   
   2.3      -0.029     0.78    
   2.3      -0.028     0.81    
   2.3      -0.028     0.83    
   2.4       0.081     1.1     
   2.3       0.12      1.1     
   2.3       0.15      0.96    
   2.4       0.18      0.89    
   2.4       0.21      0.82    
   2.5       0.23      0.79    
   2.5       0.25      0.76    
   2.4      -0.12      1.1     
   2.4      -0.16      1.1     
   2.4      -0.19      0.97    
   2.4      -0.21      0.89    
   2.4      -0.25      0.8     
   2.4      -0.26      0.77    
   2.4      -0.27      0.73    

XQUAT
   1         0         0         0       
   1        -0.017     0.013     0.06    
   1        -0.016    -0.008     0.06    
   0.99     -0.062    -0.098     0.056   
   0.99     -0.065    -0.096     0.086   
   0.99     -0.083     0.13      0.069   
   0.99     -0.073    -0.0027    0.079   
   1        -0.0064    0.0026    0.079   
   1        -0.016    -0.0063    0.06    
   0.99      0.032    -0.091     0.065   
   0.99      0.03     -0.091     0.084   
   0.97      0.0037    0.21      0.089   
   0.99      0.016     0.075     0.088   
   0.99     -0.0036    0.074     0.089   
   1        -0.017     0.014     0.069   
   1        -0.012     0.014     0.069   
   1        -0.015     0.055     0.069   
   0.99      0.13     -0.0095    0.051   
   0.99      0.12     -0.0099    0.051   
   0.98      0.12     -0.022     0.15    
   0.91      0.054     0.36      0.18    
   0.91      0.069     0.36      0.18    
   0.89      0.06      0.41      0.18    
   0.88      0.089     0.4       0.24    
   0.98     -0.16      0.1       0.066   
   0.99     -0.12      0.11      0.062   
   0.98     -0.13      0.087    -0.089   
   0.85     -0.081     0.5      -0.14    
   0.84     -0.14      0.51     -0.1     
   0.8      -0.14      0.57     -0.11    
   0.81     -0.12      0.57     -0.081   

XMAT
   1         0         0         0         1         0         0         0         1       
   0.99     -0.12      0.025     0.12      0.99      0.036    -0.029    -0.033     1       
   0.99     -0.12     -0.018     0.12      0.99      0.031     0.014    -0.033     1       
   0.97     -0.1      -0.2       0.12      0.99      0.11      0.19     -0.13      0.97    
   0.97     -0.16     -0.2       0.18      0.98      0.11      0.18     -0.14      0.97    
   0.96     -0.16      0.25      0.11      0.98      0.18     -0.27     -0.14      0.95    
   0.99     -0.16     -0.017     0.16      0.98      0.14     -0.0061   -0.14      0.99    
   0.99     -0.16      0.0041    0.16      0.99      0.013    -0.0061   -0.012     1       
   0.99     -0.12     -0.015     0.12      0.99      0.031     0.011    -0.033     1       
   0.97     -0.14     -0.18      0.12      0.99     -0.076     0.18      0.052     0.98    
   0.97     -0.17     -0.18      0.16      0.98     -0.076     0.19      0.045     0.98    
   0.89     -0.17      0.41      0.18      0.98      0.031    -0.41      0.045     0.91    
   0.97     -0.17      0.15      0.18      0.98     -0.018    -0.15      0.045     0.99    
   0.97     -0.18      0.15      0.18      0.98      0.02     -0.15      0.006     0.99    
   0.99     -0.14      0.025     0.14      0.99      0.036    -0.03     -0.032     1       
   0.99     -0.14      0.026     0.14      0.99      0.027    -0.03     -0.023     1       
   0.98     -0.14      0.11      0.13      0.99      0.038    -0.11     -0.023     0.99    
   0.99     -0.1      -0.0059    0.098     0.96     -0.25      0.032     0.25      0.97    
   0.99     -0.1      -0.0072    0.098     0.97     -0.24      0.032     0.24      0.97    
   0.96     -0.29     -0.0072    0.28      0.93     -0.24      0.077     0.23      0.97    
   0.68     -0.29      0.67      0.37      0.93      0.03     -0.63      0.23      0.74    
   0.68     -0.27      0.68      0.37      0.93     -0.00043  -0.63      0.25      0.73    
   0.6      -0.27      0.75      0.37      0.93      0.038    -0.71      0.25      0.66    
   0.56     -0.35      0.75      0.5       0.87      0.038    -0.66      0.35      0.66    
   0.97     -0.16      0.18      0.097     0.94      0.32     -0.22     -0.3       0.93    
   0.97     -0.15      0.19      0.097     0.96      0.25     -0.22     -0.22      0.95    
   0.97      0.15      0.19     -0.2       0.95      0.25     -0.15     -0.28      0.95    
   0.45      0.15      0.88     -0.32      0.95     -0.0018   -0.83     -0.28      0.48    
   0.45      0.019     0.89     -0.32      0.94      0.14     -0.83     -0.34      0.43    
   0.33      0.019     0.94     -0.33      0.94      0.096    -0.88     -0.34      0.31    
   0.33     -0.004     0.94     -0.26      0.96      0.096    -0.91     -0.28      0.31    

XIPOS
   0         0         0       
   2.3      -0.032     0.7     
   2.3       0.078     0.65    
   2.4       0.075     0.56    
   2.3       0.033     0.37    
   2.3       0.022     0.22    
   2.3      -0.015     0.063   
   2.3      -0.014     0.018   
   2.4      -0.14      0.65    
   2.4      -0.14      0.57    
   2.4      -0.12      0.37    
   2.3      -0.14      0.23    
   2.2      -0.15      0.081   
   2.3      -0.14      0.031   
   2.3      -0.028     0.8     
   2.3      -0.028     0.82    
   2.4      -0.02      1       
   2.3       0.12      1.1     
   2.3       0.14      1       
   2.4       0.17      0.89    
   2.4       0.2       0.84    
   2.4       0.22      0.8     
   2.5       0.24      0.77    
   2.5       0.28      0.71    
   2.4      -0.16      1.1     
   2.4      -0.18      1       
   2.4      -0.21      0.9     
   2.4      -0.24      0.83    
   2.4      -0.25      0.79    
   2.4      -0.26      0.75    
   2.5      -0.29      0.67    

XIMAT
   1         0         0         0         1         0         0         0         1       
   0.99     -0.12      0.024     0.12      0.99      0.036    -0.028    -0.033     1       
   0.98     -0.15      0.13      0.19      0.83     -0.52     -0.029     0.54      0.84    
   0.98     -0.019     0.21     -0.0097    0.99      0.14     -0.21     -0.14      0.97    
  -0.37     -0.88      0.3       0.91     -0.27      0.33     -0.21      0.39      0.9     
   0.55     -0.8       0.24      0.76      0.6       0.25     -0.35      0.043     0.94    
  -0.16     -0.46      0.87      0.98      0.057     0.21     -0.14      0.88      0.44    
   0.065     0.16      0.99      0.021    -0.99      0.16      1         0.011    -0.067   
   1        -0.051    -0.0042    0.044     0.81      0.59     -0.027    -0.59      0.81    
   0.95     -0.22      0.23      0.22      0.98     -0.003    -0.22      0.053     0.97    
   0.048    -0.93      0.37      0.99      0.002    -0.13      0.12      0.37      0.92    
   0.73      0.53      0.42     -0.57      0.82     -0.042    -0.37     -0.21      0.91    
  -0.17     -0.31      0.94      0.98     -0.097     0.15      0.045     0.95      0.32    
   0.2       0.18      0.96      0.033    -0.98      0.18      0.98     -0.0045   -0.21    
  -0.18      0.2       0.96      0.014    -0.98      0.21      0.98      0.052     0.18    
   0.99     -0.14      0.032     0.14      0.99     -0.014    -0.03      0.018     1       
   0.98     -0.13      0.14      0.13      0.99      0.042    -0.15     -0.023     0.99    
  -0.24     -0.9      -0.36      0.72      0.086    -0.68      0.65     -0.43      0.63    
  -0.12     -0.99     -0.047     0.97     -0.1      -0.23      0.22     -0.072     0.97    
  -0.25     -0.94     -0.24      0.95     -0.18     -0.26      0.2      -0.29      0.94    
   0.05      0.75      0.66      1        -0.045    -0.024     0.012     0.66     -0.75    
   0.68     -0.73      0.037    -0.00036  -0.05     -1         0.73      0.68     -0.035   
   0.34      0.76      0.56      0.69     -0.6       0.41      0.65      0.24     -0.72    
  -0.28      0.76      0.59      0.9      -0.0026    0.43      0.33      0.65     -0.68    
  -0.085    -0.94     -0.33      0.7      -0.29      0.65     -0.71     -0.18      0.69    
  -0.13     -0.98      0.16      0.97     -0.09      0.22     -0.21      0.18      0.96    
   0.11     -0.99     -0.04      0.97      0.1       0.24     -0.24     -0.066     0.97    
  -0.1       0.92      0.38      0.99      0.08      0.079     0.043     0.38     -0.92    
   0.89     -0.43      0.13      0.14     -0.0043   -0.99      0.43      0.9       0.057   
  -0.65      0.7       0.28      0.6       0.71     -0.38     -0.47     -0.078    -0.88    
  -0.068     0.94      0.33      0.97      0.14     -0.19     -0.23      0.31     -0.92    

XANCHOR
   2.3      -0.029     0.78    
   2.3       0.031     0.67    
   2.3       0.082     0.64    
   2.4       0.071     0.52    
   2.3       0.039     0.34    
   2.3      -0.016     0.052   
   2.3      -0.018     0.035   
   2.3      -0.097     0.68    
   2.4      -0.15      0.65    
   2.4      -0.14      0.53    
   2.4      -0.14      0.34    
   2.2      -0.15      0.069   
   2.2      -0.15      0.052   
   2.3      -0.029     0.78    
   2.3      -0.028     0.81    
   2.3      -0.028     0.83    
   2.4       0.081     1.1     
   2.3       0.12      1.1     
   2.3       0.15      0.96    
   2.4       0.18      0.89    
   2.4       0.21      0.82    
   2.5       0.23      0.79    
   2.5       0.25      0.76    
   2.4      -0.12      1.1     
   2.4      -0.16      1.1     
   2.4      -0.19      0.97    
   2.4      -0.21      0.89    
   2.4      -0.25      0.8     
   2.4      -0.26      0.77    
   2.4      -0.27      0.73    

XAXIS
   0         0         1       
  -0.12      0.99     -0.033   
   0.97      0.12      0.19    
  -0.2       0.11      0.97    
  -0.16      0.98     -0.14    
  -0.16      0.98     -0.14    
   0.99      0.16     -0.0061  
  -0.12      0.99     -0.033   
   0.97      0.12      0.18    
  -0.18     -0.076     0.98    
  -0.17      0.98      0.045   
  -0.17      0.98      0.045   
   0.97      0.18     -0.15    
   0.025     0.036     1       
   0.99      0.14     -0.03    
  -0.14      0.99     -0.023   
  -0.1       0.96      0.25    
   0.99      0.098     0.032   
  -0.0072   -0.24      0.97    
  -0.29      0.93      0.23    
   0.68      0.37     -0.63    
  -0.27      0.93      0.25    
   0.75      0.038     0.66    
  -0.16      0.94     -0.3     
   0.97      0.097    -0.22    
   0.19      0.25      0.95    
   0.15      0.95     -0.28    
   0.45     -0.32     -0.83    
   0.019     0.94     -0.34    
   0.94      0.096     0.31    

GEOM_XPOS
   0         0         0       
   2.3      -0.032     0.7     
   2.3      -0.032     0.7     
   2.3      -0.032     0.7     
   2.3       0.077     0.64    
   2.3       0.077     0.64    
   2.4       0.078     0.58    
   2.4       0.078     0.58    
   2.4       0.052     0.43    
   2.4       0.052     0.43    
   2.3       0.021     0.22    
   2.3       0.021     0.22    
   2.3      -0.017     0.043   
   2.3      -0.017     0.043   
   2.3      -0.014     0.02    
   2.3      -0.013     0.0044  
   2.4      -0.14      0.65    
   2.4      -0.14      0.65    
   2.4      -0.14      0.59    
   2.4      -0.14      0.59    
   2.4      -0.13      0.43    
   2.4      -0.13      0.43    
   2.3      -0.14      0.23    
   2.3      -0.14      0.23    
   2.2      -0.15      0.061   
   2.2      -0.15      0.061   
   2.3      -0.14      0.034   
   2.3      -0.14      0.017   
   2.3      -0.028     0.8     
   2.3      -0.028     0.82    
   2.4      -0.02      0.97    
   2.4      -0.02      0.97    
   2.4      -0.018     1       
   2.4      -0.018     1       
   2.4      -0.013     1.2     
   2.4      -0.013     1.2     
   2.3      -0.028     0.81    
   2.3      -0.028     0.81    
   2.3       0.12      1.1     
   2.3       0.12      1.1     
   2.3       0.14      1       
   2.3       0.14      1       
   2.4       0.16      0.92    
   2.4       0.16      0.92    
   2.4       0.2       0.85    
   2.4       0.2       0.85    
   2.4       0.22      0.8     
   2.4       0.22      0.8     
   2.5       0.24      0.77    
   2.5       0.24      0.77    
   2.5       0.26      0.75    
   2.5       0.26      0.75    
   2.5       0.29      0.69    
   2.4      -0.15      1.1     
   2.4      -0.16      1.1     
   2.4      -0.17      1       
   2.4      -0.18      1       
   2.4      -0.2       0.92    
   2.4      -0.2       0.92    
   2.4      -0.24      0.85    
   2.4      -0.24      0.85    
   2.4      -0.25      0.79    
   2.4      -0.25      0.79    
   2.4      -0.26      0.75    
   2.4      -0.26      0.75    
   2.4      -0.28      0.71    
   2.4      -0.28      0.71    
   2.5      -0.3       0.64    

GEOM_XMAT
   1         0         0         0         1         0         0         0         1       
   0.99     -0.12      0.025     0.12      0.99      0.036    -0.029    -0.033     1       
  -0.12      0.0012    0.99      0.99      0.035     0.12     -0.034     1        -0.0054  
  -0.12      0.0012    0.99      0.99      0.035     0.12     -0.034     1        -0.0054  
   0.97     -0.26      0.014     0.22      0.79     -0.58      0.14      0.56      0.82    
   0.97     -0.26      0.014     0.22      0.79     -0.58      0.14      0.56      0.82    
   0.99     -0.086     0.15      0.063     0.99      0.15     -0.16     -0.14      0.98    
   0.99     -0.086     0.15      0.063     0.99      0.15     -0.16     -0.14      0.98    
  -0.21     -0.95      0.25      0.96     -0.16      0.22     -0.17      0.28      0.94    
  -0.21     -0.95      0.25      0.96     -0.16      0.22     -0.17      0.28      0.94    
  -0.026    -0.96      0.26      0.97      0.04      0.24     -0.24      0.26      0.93    
  -0.026    -0.96      0.26      0.97      0.04      0.24     -0.24      0.26      0.93    
  -0.16     -0.83      0.53      0.98     -0.051     0.21     -0.15      0.55      0.82    
  -0.16     -0.83      0.53      0.98     -0.051     0.21     -0.15      0.55      0.82    
   0.085     0.16      0.98      0.024    -0.99      0.16      1         0.01     -0.087   
   0.99     -0.16      0.0041    0.16      0.99      0.013    -0.0061   -0.012     1       
   0.99      0.064    -0.13      0.029     0.79      0.62      0.14     -0.61      0.78    
   0.99      0.064    -0.13      0.029     0.79      0.62      0.14     -0.61      0.78    
   0.97     -0.15      0.17      0.16      0.99     -0.033    -0.17      0.059     0.98    
   0.97     -0.15      0.17      0.16      0.99     -0.033    -0.17      0.059     0.98    
  -0.12     -0.95      0.28      0.99     -0.13     -0.036     0.072     0.28      0.96    
  -0.12     -0.95      0.28      0.99     -0.13     -0.036     0.072     0.28      0.96    
  -0.28     -0.85      0.45      0.95     -0.32     -0.023     0.16      0.42      0.9     
  -0.28     -0.85      0.45      0.95     -0.32     -0.023     0.16      0.42      0.9     
  -0.17     -0.72      0.67      0.98     -0.16      0.083     0.045     0.67      0.74    
  -0.17     -0.72      0.67      0.98     -0.16      0.083     0.045     0.67      0.74    
   0.22      0.18      0.96      0.036    -0.98      0.17      0.97     -0.0043   -0.23    
   0.97     -0.18      0.15      0.18      0.98      0.02     -0.15      0.006     0.99    
  -0.15      0.14      0.98      0.012    -0.99      0.14      0.99      0.032     0.14    
   0.99     -0.14      0.026     0.14      0.99      0.027    -0.029    -0.023     1       
   0.98     -0.14      0.12      0.14      0.99      0.035    -0.12     -0.018     0.99    
   0.98     -0.14      0.12      0.14      0.99      0.035    -0.12     -0.018     0.99    
   0.11      0.069     0.99      0.038    -1         0.066     0.99      0.031    -0.11    
   0.11      0.069     0.99      0.038    -1         0.066     0.99      0.031    -0.11    
   0.98     -0.14      0.15      0.13      0.99      0.044    -0.16     -0.023     0.99    
   0.98     -0.14      0.15      0.13      0.99      0.044    -0.16     -0.023     0.99    
   0.11     -0.98      0.14      0.037    -0.13     -0.99      0.99      0.11      0.023   
   0.11     -0.98      0.14      0.037    -0.13     -0.99      0.99      0.11      0.023   
  -0.034    -1         0.044     0.66     -0.056    -0.75      0.75      0.0042    0.66    
   0.0059   -0.1       0.99      0.25      0.96      0.098    -0.97      0.25      0.032   
  -0.1      -0.99      0.0044    0.94     -0.099    -0.32      0.32     -0.028     0.95    
   0.99     -0.1      -0.0072    0.098     0.97     -0.24      0.032     0.24      0.97    
  -0.38     -0.88     -0.27      0.92     -0.33     -0.21      0.091    -0.33      0.94    
  -0.38     -0.88     -0.27      0.92     -0.33     -0.21      0.091    -0.33      0.94    
  -0.015     0.76      0.66      1        -0.023     0.048     0.051     0.65     -0.75    
  -0.015     0.76      0.66      1        -0.023     0.048     0.051     0.65     -0.75    
   0.68     -0.69      0.25     -0.00041  -0.34     -0.94      0.73      0.64     -0.23    
   0.68     -0.69      0.25     -0.00041  -0.34     -0.94      0.73      0.64     -0.23    
   0.75     -0.32      0.58     -0.6      -0.7       0.39      0.28     -0.64     -0.71    
   0.75     -0.32      0.58     -0.6      -0.7       0.39      0.28     -0.64     -0.71    
  -0.41     -0.55      0.73      0.81     -0.58      0.017     0.42      0.6       0.69    
  -0.41     -0.55      0.73      0.81     -0.58      0.017     0.42      0.6       0.69    
  -0.16      0.78      0.61      0.97      0.0051    0.25      0.19      0.63     -0.75    
  -0.29     -0.96      0.053     0.6      -0.14      0.79     -0.75      0.26      0.61    
  -0.18     -0.16      0.97     -0.32      0.94      0.097    -0.93     -0.3      -0.22    
  -0.16     -0.97      0.19      0.94     -0.096     0.32     -0.29      0.23      0.93    
   0.97     -0.15      0.19      0.097     0.96      0.25     -0.22     -0.22      0.95    
   0.27     -0.96     -0.068     0.95      0.25      0.19     -0.16     -0.11      0.98    
   0.27     -0.96     -0.068     0.95      0.25      0.19     -0.16     -0.11      0.98    
  -0.056     0.93      0.38      1         0.058     0.0064   -0.016     0.37     -0.93    
  -0.056     0.93      0.38      1         0.058     0.0064   -0.016     0.37     -0.93    
   0.89     -0.45     -0.0044    0.14      0.28     -0.95      0.43      0.84      0.32    
   0.89     -0.45     -0.0044    0.14      0.28     -0.95      0.43      0.84      0.32    
   0.69      0.65      0.31      0.72     -0.6      -0.35     -0.046     0.47     -0.88    
   0.69      0.65      0.31      0.72     -0.6      -0.35     -0.046     0.47     -0.88    
   0.031    -0.36      0.93      0.93      0.36      0.11     -0.37      0.86      0.35    
   0.031    -0.36      0.93      0.93      0.36      0.11     -0.37      0.86      0.35    
  -0.13      0.95      0.28      0.99      0.14     -0.0095   -0.048     0.28     -0.96    

LIGHT_XPOS
   1         0         3.5     

LIGHT_XDIR
   0         0        -1       

SUBTREE_COM
   2.4      -0.032     0.7     
   2.4      -0.032     0.7     
   2.3       0.043     0.39    
   2.3       0.034     0.33    
   2.3       0.02      0.25    
   2.3       0.012     0.17    
   2.3      -0.014     0.023   
   2.3      -0.014     0.018   
   2.3      -0.14      0.4     
   2.3      -0.14      0.34    
   2.3      -0.14      0.26    
   2.3      -0.14      0.18    
   2.2      -0.14      0.037   
   2.3      -0.14      0.031   
   2.4      -0.019     0.96    
   2.4      -0.019     0.97    
   2.4      -0.019     0.97    
   2.4       0.18      0.91    
   2.4       0.19      0.87    
   2.4       0.21      0.83    
   2.4       0.23      0.79    
   2.5       0.25      0.76    
   2.5       0.25      0.75    
   2.5       0.28      0.71    
   2.4      -0.21      0.9     
   2.4      -0.23      0.86    
   2.4      -0.24      0.82    
   2.4      -0.26      0.77    
   2.4      -0.27      0.73    
   2.4      -0.27      0.72    
   2.5      -0.29      0.67    

CDOF
   0         0         0         1         0         0       
   0         0         0         0         1         0       
   0         0         0         0         0         1       
   0.99      0.12     -0.029    -0.0092    0.075    -0.0047  
  -0.12      0.99     -0.033    -0.076    -0.0097   -0.014   
   0.025     0.036     1         0.00025   0.016    -0.0006  
  -0.12      0.99     -0.033     0.026     0.0026   -0.017   
   0.97      0.12      0.19      0.029    -0.053    -0.11    
  -0.2       0.11      0.97      0.12      0.017     0.023   
  -0.16      0.98     -0.14      0.34      0.054    -0.0096  
  -0.16      0.98     -0.14      0.63      0.088    -0.091   
   0.99      0.16     -0.0061    0.11     -0.66     -0.029   
  -0.12      0.99     -0.033     0.026     0.0026   -0.017   
   0.97      0.12      0.18     -0.015    -0.051     0.11    
  -0.18     -0.076     0.98     -0.12     -0.013    -0.022   
  -0.17      0.98      0.045     0.35      0.062    -0.019   
  -0.17      0.98      0.045     0.62      0.11     -0.14    
   0.97      0.18     -0.15      0.13     -0.65      0.089   
   0.025     0.036     1         0.00025   0.016    -0.0006  
   0.99      0.14     -0.03     -0.015     0.11     -0.0061  
  -0.14      0.99     -0.023    -0.13     -0.018    -0.016   
  -0.1       0.96      0.25     -0.32     -0.037     0.01    
   0.99      0.098     0.032    -0.031     0.36     -0.15    
  -0.0072   -0.24      0.97      0.24      0.0033    0.0026  
  -0.29      0.93      0.23     -0.12     -0.056     0.07    
   0.68      0.37     -0.63     -0.2       0.12     -0.14    
  -0.27      0.93      0.25     -0.018    -0.049     0.16    
   0.75      0.038     0.66      0.18     -0.039    -0.2     
  -0.16      0.94     -0.3      -0.32     -0.052     0.011   
   0.97      0.097    -0.22     -0.0074    0.36      0.12    
   0.19      0.25      0.95     -0.22      0.043     0.033   
   0.15      0.95     -0.28     -0.13      0.032     0.037   
   0.45     -0.32     -0.83      0.21      0.086     0.082   
   0.019     0.94     -0.34      0.0098    0.023     0.064   
   0.94      0.096     0.31     -0.079     0.0051    0.23    

CINERT
   0         0         0         0         0         0         0         0         0         0       
   0.011     0.01      0.0089    0.00016  -3.6e-05  -5.5e-05  -0.062     0.001     0.002     3.8     
   0.022     0.0067    0.019     0.0041   -0.0021    0.0085   -0.037     0.15     -0.075     1.4     
   0.05      0.033     0.019    -0.0027    0.0033    0.023     0.025     0.16     -0.21      1.5     
   0.2       0.19      0.0099   -0.00022  -0.0041    0.035    -0.008     0.11     -0.56      1.7     
   0.46      0.46      0.012     0.0043   -0.046     0.048    -0.09      0.1      -0.93      1.9     
   0.03      0.031     0.00082   0.00013  -0.0049    0.00081  -0.0076    0.0013   -0.047     0.074   
   0.28      0.29      0.0048    0.00055  -0.029     0.0075   -0.042     0.011    -0.42      0.61    
   0.022     0.0046    0.018    -5.1e-05  -3.4e-05  -0.0075   -0.00057  -0.15     -0.065     1.4     
   0.047     0.032     0.021     0.0068    0.0083   -0.021     0.064    -0.16     -0.2       1.5     
   0.2       0.19      0.017     0.0022    0.005    -0.051     0.021    -0.16     -0.56      1.7     
   0.46      0.44      0.032    -0.0096   -0.045    -0.1      -0.087    -0.22     -0.91      1.9     
   0.029     0.03      0.0023   -0.0011   -0.006    -0.0053   -0.0096   -0.0086   -0.046     0.074   
   0.28      0.28      0.016    -0.0072   -0.042    -0.045    -0.063    -0.067    -0.41      0.61    
   0.0023    0.0024    0.00019   4.8e-06   0.00022  -9.9e-05  -0.0025    0.001     0.023     0.24    
   0.0007    0.00072   1.9e-05   3.2e-06   9.8e-05  -2.2e-05  -0.00081   0.00018   0.0057    0.047   
   1         1         0.036     0.00042  -0.029    -0.038     0.052     0.11      3         9.6     
   0.11      0.094     0.017     0.00055   0.0014   -0.039    -0.0038    0.11      0.26      0.72    
   0.079     0.059     0.02      0.00066   0.0012   -0.034    -0.0038    0.11      0.19      0.64    
   0.058     0.028     0.03     -0.00098  -0.00075  -0.028     0.0047    0.15      0.14      0.73    
   0.045     0.013     0.035    -0.0065   -0.0037   -0.019     0.028     0.14      0.082     0.6     
   0.0065    0.0015    0.0061   -0.0018   -0.00073  -0.0022    0.007     0.022     0.0089    0.085   
   0.038     0.0088    0.041    -0.014    -0.0038   -0.0094    0.053     0.13      0.035     0.48    
   0.025     0.0075    0.032    -0.013    -0.00034  -0.0008    0.042     0.08      0.003     0.25    
   0.11      0.099     0.012     0.0026   -0.0079    0.033     0.021    -0.088     0.26      0.72    
   0.076     0.062     0.015     0.0017   -0.0037    0.029     0.012    -0.095     0.2       0.64    
   0.053     0.03      0.023     0.00095  -0.0011    0.025     0.0054   -0.13      0.15      0.73    
   0.036     0.012     0.026     0.0037   -0.0024    0.016     0.018    -0.12      0.08      0.6     
   0.0049    0.00098   0.0044    0.001    -0.00041   0.0017    0.0046   -0.019     0.0077    0.085   
   0.028     0.004     0.029     0.0079   -0.0017    0.0057    0.034    -0.11      0.025     0.48    
   0.018     0.0036    0.02      0.0069    0.00097  -0.0022    0.026    -0.066    -0.0081    0.25    

ACTUATOR_LENGTH
  -0.043   
  -0.1     
   0.059   
   0.28    
  -0.27    
   0.13    
  -0.04    
   0.086   
   0.038   
   0.44    
  -0.28    
  -0.039   
   0.019   
   0.0096  
   0.081   
  -0.15    
   0.27    
   0.19    
   0.79    
   0.033   
   0.1     
   0.14    
   0.12    
  -0.2     
  -0.31    
   0.9     
  -0.15    
   0.14    
   0.07    

ACTUATOR_MOMENT
   0         0         0         0         0         0         1         0         0         0         0         0         0         0         0         0         0         0         0         0         0         0         0         0         0         0         0         0         0         0         0         0         0         0         0       
   0         0         0         0         0         0         0         1         0         0         0         0         0         0         0         0         0         0         0         0         0         0         0         0         0         0         0         0         0         0         0         0         0         0         0       
   0         0         0         0         0         0         0         0         1         0         0         0         0         0         0         0         0         0         0         0         0         0         0         0         0         0         0         0         0         0         0         0         0         0         0       
   0         0         0         0         0         0         0         0         0         1         0         0         0         0         0         0         0         0         0         0         0         0         0         0         0         0         0         0         0         0         0         0         0         0         0       
   0         0         0         0         0         0         0         0         0         0         1         0         0         0         0         0         0         0         0         0         0         0         0         0         0         0         0         0         0         0         0         0         0         0         0       
   0         0         0         0         0         0         0         0         0         0         0         1         0         0         0         0         0         0         0         0         0         0         0         0         0         0         0         0         0         0         0         0         0         0         0       
   0         0         0         0         0         0         0         0         0         0         0         0         1         0         0         0         0         0         0         0         0         0         0         0         0         0         0         0         0         0         0         0         0         0         0       
   0         0         0         0         0         0         0         0         0         0         0         0         0         1         0         0         0         0         0         0         0         0         0         0         0         0         0         0         0         0         0         0         0         0         0       
   0         0         0         0         0         0         0         0         0         0         0         0         0         0         1         0         0         0         0         0         0         0         0         0         0         0         0         0         0         0         0         0         0         0         0       
   0         0         0         0         0         0         0         0         0         0         0         0         0         0         0         1         0         0         0         0         0         0         0         0         0         0         0         0         0         0         0         0         0         0         0       
   0         0         0         0         0         0         0         0         0         0         0         0         0         0         0         0         1         0         0         0         0         0         0         0         0         0         0         0         0         0         0         0         0         0         0       
   0         0         0         0         0         0         0         0         0         0         0         0         0         0         0         0         0         1         0         0         0         0         0         0         0         0         0         0         0         0         0         0         0         0         0       
   0         0         0         0         0         0         0         0         0         0         0         0         0         0         0         0         0         0         1         0         0         0         0         0         0         0         0         0         0         0         0         0         0         0         0       
   0         0         0         0         0         0         0         0         0         0         0         0         0         0         0         0         0         0         0         1         0         0         0         0         0         0         0         0         0         0         0         0         0         0         0       
   0         0         0         0         0         0         0         0         0         0         0         0         0         0         0         0         0         0         0         0         1         0         0         0         0         0         0         0         0         0         0         0         0         0         0       
   0         0         0         0         0         0         0         0         0         0         0         0         0         0         0         0         0         0         0         0         0         1         0         0         0         0         0         0         0         0         0         0         0         0         0       
   0         0         0         0         0         0         0         0         0         0         0         0         0         0         0         0         0         0         0         0         0         0         1         0         0         0         0         0         0         0         0         0         0         0         0       
   0         0         0         0         0         0         0         0         0         0         0         0         0         0         0         0         0         0         0         0         0         0         0         1         0         0         0         0         0         0         0         0         0         0         0       
   0         0         0         0         0         0         0         0         0         0         0         0         0         0         0         0         0         0         0         0         0         0         0         0         1         0         0         0         0         0         0         0         0         0         0       
   0         0         0         0         0         0         0         0         0         0         0         0         0         0         0         0         0         0         0         0         0         0         0         0         0         1         0         0         0         0         0         0         0         0         0       
   0         0         0         0         0         0         0         0         0         0         0         0         0         0         0         0         0         0         0         0         0         0         0         0         0         0         1         0         0         0         0         0         0         0         0       
   0         0         0         0         0         0         0         0         0         0         0         0         0         0         0         0         0         0         0         0         0         0         0         0         0         0         0         1         0         0         0         0         0         0         0       
   0         0         0         0         0         0         0         0         0         0         0         0         0         0         0         0         0         0         0         0         0         0         0         0         0         0         0         0         1         0         0         0         0         0         0       
   0         0         0         0         0         0         0         0         0         0         0         0         0         0         0         0         0         0         0         0         0         0         0         0         0         0         0         0         0         1         0         0         0         0         0       
   0         0         0         0         0         0         0         0         0         0         0         0         0         0         0         0         0         0         0         0         0         0         0         0         0         0         0         0         0         0         1         0         0         0         0       
   0         0         0         0         0         0         0         0         0         0         0         0         0         0         0         0         0         0         0         0         0         0         0         0         0         0         0         0         0         0         0         1         0         0         0       
   0         0         0         0         0         0         0         0         0         0         0         0         0         0         0         0         0         0         0         0         0         0         0         0         0         0         0         0         0         0         0         0         1         0         0       
   0         0         0         0         0         0         0         0         0         0         0         0         0         0         0         0         0         0         0         0         0         0         0         0         0         0         0         0         0         0         0         0         0         1         0       
   0         0         0         0         0         0         0         0         0         0         0         0         0         0         0         0         0         0         0         0         0         0         0         0         0         0         0         0         0         0         0         0         0         0         1       

CRB
   0         0         0         0         0         0         0         0         0         0       
   3.8       3.5       0.53     -0.013    -0.21     -0.17      8e-16    -2.2e-16   2.2e-15   35      
   1         1         0.066     0.0062   -0.082     0.12     -0.16      0.54     -2.2       7.2     
   1         1         0.047     0.0021   -0.08      0.11     -0.12      0.39     -2.2       5.8     
   0.98      0.97      0.028     0.0047   -0.083     0.091    -0.15      0.23     -2         4.3     
   0.78      0.78      0.018     0.005    -0.079     0.056    -0.14      0.12     -1.4       2.6     
   0.31      0.32      0.0056    0.00068  -0.034     0.0083   -0.05      0.012    -0.46      0.68    
   0.28      0.29      0.0048    0.00055  -0.029     0.0075   -0.042     0.011    -0.42      0.61    
   1         0.98      0.11     -0.009    -0.079    -0.23     -0.075    -0.76     -2.2       7.2     
   1         0.98      0.088    -0.009    -0.079    -0.22     -0.075    -0.61     -2.1       5.8     
   0.98      0.95      0.066    -0.016    -0.087    -0.2      -0.14     -0.45     -1.9       4.3     
   0.77      0.75      0.049    -0.018    -0.092    -0.15     -0.16     -0.29     -1.4       2.6     
   0.31      0.31      0.018    -0.0083   -0.048    -0.05     -0.073    -0.076    -0.45      0.68    
   0.28      0.28      0.016    -0.0072   -0.042    -0.045    -0.063    -0.067    -0.41      0.61    
   1.7       1.5       0.35     -0.011    -0.051    -0.063     0.3       0.22      4.4       17      
   1.7       1.5       0.35     -0.011    -0.052    -0.062     0.3       0.22      4.4       17      
   1.7       1.5       0.35     -0.011    -0.052    -0.062     0.3       0.22      4.4       17      
   0.36      0.21      0.18     -0.036    -0.0068   -0.13      0.13      0.74      0.72      3.5     
   0.25      0.12      0.16     -0.036    -0.0082   -0.094     0.13      0.63      0.46      2.8     
   0.17      0.059     0.14     -0.037    -0.0093   -0.06      0.13      0.52      0.27      2.2     
   0.11      0.031     0.11     -0.036    -0.0086   -0.032     0.13      0.37      0.13      1.4     
   0.069     0.018     0.079    -0.029    -0.0048   -0.012     0.1       0.23      0.047     0.82    
   0.063     0.016     0.073    -0.028    -0.0041   -0.01      0.095     0.21      0.038     0.74    
   0.025     0.0075    0.032    -0.013    -0.00034  -0.0008    0.042     0.08      0.003     0.25    
   0.32      0.21      0.13      0.025    -0.016     0.11      0.12     -0.63      0.71      3.5     
   0.22      0.11      0.12      0.022    -0.0082    0.076     0.1      -0.54      0.45      2.8     
   0.14      0.051     0.1       0.02     -0.0045    0.047     0.088    -0.45      0.25      2.2     
   0.087     0.02      0.079     0.019    -0.0035    0.022     0.083    -0.32      0.1       1.4     
   0.05      0.0086    0.053     0.016    -0.0011    0.0051    0.065    -0.2       0.024     0.82    
   0.046     0.0077    0.049     0.015    -0.0007    0.0035    0.06     -0.18      0.017     0.74    
   0.018     0.0036    0.02      0.0069    0.00097  -0.0022    0.026    -0.066    -0.0081    0.25    

QM
   35        0         0        -0.32     -2.7       0.0089   -2        -0.17      0.079    -0.44     -0.019    -0.0016   -2        -0.24      0.088    -0.42     -0.022    -0.0018   -0.059     0.35      2.2      -0.62     -0.06     -0.049    -0.14      0.00026  -0.031    -0.0064   -0.65     -0.099     0.022    -0.18      0.0016   -0.039    -5.7e-05 
   0         35        0         2.7      -0.34      0.57     -0.25      1.8      -0.46     -0.057    -0.0054    0.0099   -0.24      1.8      -0.53     -0.08     -0.0032    0.0098    0.46     -2.5       0.29     -0.024     0.55      0.14     -0.013     0.004    -0.0016    0.016    -0.1       0.56      0.13      0.0067    0.0055   -0.0039    0.017   
   0         0         35       -0.17     -0.49     -0.021    -0.028    -0.28      0.07      0.093    -0.015    -0.00012   0.044     0.079    -0.025     0.16     -0.012     6e-05    -0.015     0.077    -0.6      -0.16      0.19      0.034    -0.13      0.0026   -0.027     0.0063    0.026    -0.19     -0.037    -0.075    -0.0012   -0.013    -0.0051  
  -0.32      2.7      -0.17      4        -0.047    -0.094    -0.011     0.97     -0.28     -0.00019  -0.0027    0.0078    0.0037    0.95     -0.32     -0.035     0.00078   0.0077   -0.056     1        -0.059    -0.046     0.02      0.0082   -0.034     0.0012   -0.0077    0.0031   -0.00011   0.026     0.012     0.021     0.00095   0.0039    0.0037  
  -2.7      -0.34     -0.49     -0.047     3.7      -0.056     1.1      -0.026    -0.0093    0.31      0.016     0.00031   1.1       0.017    -0.018     0.3       0.017     0.00049  -0.01     -0.025     0.73     -0.0097   -0.025    -0.0062    0.022    -0.0006    0.0075   -0.0013   -0.014     0.0062    0.0008    0.013    -0.00032   0.0057    0.00013 
   0.0089    0.57     -0.021    -0.094    -0.056     0.52      0.14     -0.0073    0.0096    0.025     0.00078  -0.00019  -0.18     -0.042     0.029    -0.033    -0.0015   -0.00078   0.35     -0.04     -0.0061    0.15      0.062     0.031     0.037     0.00035   0.0092    0.0052   -0.15      0.014     0.017    -0.041     0.00076  -0.01      0.0023  
  -2        -0.25     -0.028    -0.011     1.1       0.14      0.9      -0.022    -0.0072    0.26      0.014     0.00027   0         0         0         0         0         0         0         0         0         0         0         0         0         0         0         0         0         0         0         0         0         0         0       
  -0.17      1.8      -0.28      0.97     -0.026    -0.0073   -0.022     0.76     -0.21     -0.014    -0.00083   0.0062    0         0         0         0         0         0         0         0         0         0         0         0         0         0         0         0         0         0         0         0         0         0         0       
   0.079    -0.46      0.07     -0.28     -0.0093    0.0096   -0.0072   -0.21      0.081     0.0015    9.2e-05  -0.0019    0         0         0         0         0         0         0         0         0         0         0         0         0         0         0         0         0         0         0         0         0         0         0       
  -0.44     -0.057     0.093    -0.00019   0.31      0.025     0.26     -0.014     0.0015    0.14      0.0072    6e-05     0         0         0         0         0         0         0         0         0         0         0         0         0         0         0         0         0         0         0         0         0         0         0       
  -0.019    -0.0054   -0.015    -0.0027    0.016     0.00078   0.014    -0.00083   9.2e-05   0.0072    0.01     -4.7e-05   0         0         0         0         0         0         0         0         0         0         0         0         0         0         0         0         0         0         0         0         0         0         0       
  -0.0016    0.0099   -0.00012   0.0078    0.00031  -0.00019   0.00027   0.0062   -0.0019    6e-05    -4.7e-05   0.0076    0         0         0         0         0         0         0         0         0         0         0         0         0         0         0         0         0         0         0         0         0         0         0       
  -2        -0.24      0.044     0.0037    1.1      -0.18      0         0         0         0         0         0         0.89      0.014    -0.016     0.25      0.015     0.00043   0         0         0         0         0         0         0         0         0         0         0         0         0         0         0         0         0       
  -0.24      1.8       0.079     0.95      0.017    -0.042     0         0         0         0         0         0         0.014     0.73     -0.24     -0.01     -0.00049   0.0061    0         0         0         0         0         0         0         0         0         0         0         0         0         0         0         0         0       
   0.088    -0.53     -0.025    -0.32     -0.018     0.029     0         0         0         0         0         0        -0.016    -0.24      0.1      -0.0011   -6.4e-05  -0.0024    0         0         0         0         0         0         0         0         0         0         0         0         0         0         0         0         0       
  -0.42     -0.08      0.16     -0.035     0.3      -0.033     0         0         0         0         0         0         0.25     -0.01     -0.0011    0.14      0.0072   -1.8e-05   0         0         0         0         0         0         0         0         0         0         0         0         0         0         0         0         0       
  -0.022    -0.0032   -0.012     0.00078   0.017    -0.0015    0         0         0         0         0         0         0.015    -0.00049  -6.4e-05   0.0072    0.01      1.4e-05   0         0         0         0         0         0         0         0         0         0         0         0         0         0         0         0         0       
  -0.0018    0.0098    6e-05     0.0077    0.00049  -0.00078   0         0         0         0         0         0         0.00043   0.0061   -0.0024   -1.8e-05   1.4e-05   0.0076    0         0         0         0         0         0         0         0         0         0         0         0         0         0         0         0         0       
  -0.059     0.46     -0.015    -0.056    -0.01      0.35      0         0         0         0         0         0         0         0         0         0         0         0         0.36     -0.04     -0.0061    0.15      0.062     0.031     0.037     0.00035   0.0092    0.0052   -0.15      0.014     0.017    -0.041     0.00076  -0.01      0.0023  
   0.35     -2.5       0.077     1        -0.025    -0.04      0         0         0         0         0         0         0         0         0         0         0         0        -0.04      0.95     -0.045    -0.043     0.038     0.013    -0.034     0.0013   -0.0075    0.0037   -0.00085   0.046     0.016     0.022     0.0011    0.004     0.0043  
   2.2       0.29     -0.6      -0.059     0.73     -0.0061    0         0         0         0         0         0         0         0         0         0         0         0        -0.0061   -0.045     0.62      0.027    -0.026    -0.0046    0.031    -0.00067   0.0094   -0.0011    0.02      0.0074   -0.0013    0.022    -0.00045   0.0076   -2.8e-05 
  -0.62     -0.024    -0.16     -0.046    -0.0097    0.15      0         0         0         0         0         0         0         0         0         0         0         0         0.15     -0.043     0.027     0.19     -0.0044    0.011     0.064    -0.00061   0.017     0.0015    0         0         0         0         0         0         0       
  -0.06      0.55      0.19      0.02     -0.025     0.062     0         0         0         0         0         0         0         0         0         0         0         0         0.062     0.038    -0.026    -0.0044    0.16      0.046    -0.014     0.002    -0.0031    0.0071    0         0         0         0         0         0         0       
  -0.049     0.14      0.034     0.0082   -0.0062    0.031     0         0         0         0         0         0         0         0         0         0         0         0         0.031     0.013    -0.0046    0.011     0.046     0.023     0.00082   0.00043   0.00057   0.0036    0         0         0         0         0         0         0       
  -0.14     -0.013    -0.13     -0.034     0.022     0.037     0         0         0         0         0         0         0         0         0         0         0         0         0.037    -0.034     0.031     0.064    -0.014     0.00082   0.038    -0.00066   0.01     -0.00018   0         0         0         0         0         0         0       
   0.00026   0.004     0.0026    0.0012   -0.0006    0.00035   0         0         0         0         0         0         0         0         0         0         0         0         0.00035   0.0013   -0.00067  -0.00061   0.002     0.00043  -0.00066   0.004    -0.00033   0.00024   0         0         0         0         0         0         0       
  -0.031    -0.0016   -0.027    -0.0077    0.0075    0.0092    0         0         0         0         0         0         0         0         0         0         0         0         0.0092   -0.0075    0.0094    0.017    -0.0031    0.00057   0.01     -0.00033   0.009    -8.6e-07   0         0         0         0         0         0         0       
  -0.0064    0.016     0.0063    0.0031   -0.0013    0.0052    0         0         0         0         0         0         0         0         0         0         0         0         0.0052    0.0037   -0.0011    0.0015    0.0071    0.0036   -0.00018   0.00024  -8.6e-07   0.0061    0         0         0         0         0         0         0       
  -0.65     -0.1       0.026    -0.00011  -0.014    -0.15      0         0         0         0         0         0         0         0         0         0         0         0        -0.15     -0.00085   0.02      0         0         0         0         0         0         0         0.19      0.0015   -0.015     0.065    -0.0012    0.017    -0.0014  
  -0.099     0.56     -0.19      0.026     0.0062    0.014     0         0         0         0         0         0         0         0         0         0         0         0         0.014     0.046     0.0074    0         0         0         0         0         0         0         0.0015    0.16      0.041     0.021     0.0023    0.0029    0.0076  
   0.022     0.13     -0.037     0.012     0.0008    0.017     0         0         0         0         0         0         0         0         0         0         0         0         0.017     0.016    -0.0013    0         0         0         0         0         0         0        -0.015     0.041     0.018    -0.00014   0.00057  -0.0009    0.003   
  -0.18      0.0067   -0.075     0.021     0.013    -0.041     0         0         0         0         0         0         0         0         0         0         0         0        -0.041     0.022     0.022     0         0         0         0         0         0         0         0.065     0.021    -0.00014   0.038    -0.00024   0.01      0.00075 
   0.0016    0.0055   -0.0012    0.00095  -0.00032   0.00076   0         0         0         0         0         0         0         0         0         0         0         0         0.00076   0.0011   -0.00045   0         0         0         0         0         0         0        -0.0012    0.0023    0.00057  -0.00024   0.0041   -0.00021   0.00033 
  -0.039    -0.0039   -0.013     0.0039    0.0057   -0.01      0         0         0         0         0         0         0         0         0         0         0         0        -0.01      0.004     0.0076    0         0         0         0         0         0         0         0.017     0.0029   -0.0009    0.01     -0.00021   0.009    -5.9e-06 
  -5.7e-05   0.017    -0.0051    0.0037    0.00013   0.0023    0         0         0         0         0         0         0         0         0         0         0         0         0.0023    0.0043   -2.8e-05   0         0         0         0         0         0         0        -0.0014    0.0076    0.003     0.00075   0.00033  -5.9e-06   0.0061  

QLD
   8.6      -0.025     0.06     -0.3      -4.7      -0.23     -2.9      -0.0012    1        -3.2      -1.9      -0.21     -2.9      -0.43      0.81     -3        -2.2      -0.23      0.054     0.43      3.9      -4.8      -0.33     -2        -4.1      -0.15     -3.4      -1        -4.6      -0.76      1.2      -5.1       0.18     -4.3      -0.0093  
  -0.025     11        0.025     2.4      -0.51      1.7      -0.34      2.8      -5.7      -0.4      -0.53      1.3      -0.39      3        -5.1      -0.59     -0.32      1.3       0.26     -3.1       0.61     -0.77      4.5       6.3      -0.39      0.83     -0.18      2.6      -0.12      4.3       7         0.34      1.1      -0.43      2.8     
   0.06      0.025     33        0.0041    1.6       0.081    -0.5      -0.43      0.85      0.79     -1.5      -0.016    -0.58      0.2      -0.23      1.3      -1.2       0.0079    0.74      0.04     -0.71      0.57      1.2       1.6      -3.8       0.35     -3         1         1.7      -1        -2.1      -2.3      -0.31     -1.4      -0.84    
  -0.3       2.4       0.0041    0.42      0.0074    0.34     -0.048     1.2      -3.4       0.013    -0.27      1         0.06      1.2      -3.1      -0.27      0.077     1        -0.012     1.1      -0.078     0.12     -0.19      0.34     -0.97      0.2      -0.86      0.51     -0.37     -0.2       0.6       0.61      0.21      0.43      0.61    
  -4.7      -0.51      1.6       0.0074    0.13      0.00036   1.3      -0.14     -0.15      2.2       1.6       0.04      1.3       0.011    -0.15      2.2       1.7       0.064    -0.0019    0.02      1.2      -0.59     -0.051    -0.29      0.52     -0.068     0.83     -0.21     -0.49     -0.039     0.071     0.25     -0.047     0.63      0.022   
  -0.23      1.7       0.081     0.34      0.00036   0.097     0.24      0.1       0.12      0.18      0.078    -0.026    -0.27      0.12      0.27     -0.24     -0.15     -0.1       0.89     -0.053     0.0056    0.97      0.23      1.3       1         0.12      1         0.86     -0.88     -0.0054    0.91     -1.1       0.097    -1.1       0.38    
  -2.9      -0.34     -0.5      -0.048     1.3       0.24      0.41     -0.1      -0.12      1.9       1.4       0.035     0         0         0         0         0         0         0         0         0         0         0         0         0         0         0         0         0         0         0         0         0         0         0       
  -0.0012    2.8      -0.43      1.2      -0.14      0.1      -0.1       0.2      -2.6      -0.1      -0.08      0.82      0         0         0         0         0         0         0         0         0         0         0         0         0         0         0         0         0         0         0         0         0         0         0       
   1        -5.7       0.85     -3.4      -0.15      0.12     -0.12     -2.6       0.081     0.011     0.0081   -0.24      0         0         0         0         0         0         0         0         0         0         0         0         0         0         0         0         0         0         0         0         0         0         0       
  -3.2      -0.4       0.79      0.013     2.2       0.18      1.9      -0.1       0.011     0.13      0.72      0.0079    0         0         0         0         0         0         0         0         0         0         0         0         0         0         0         0         0         0         0         0         0         0         0       
  -1.9      -0.53     -1.5      -0.27      1.6       0.078     1.4      -0.08      0.0081    0.72      0.01     -0.0062    0         0         0         0         0         0         0         0         0         0         0         0         0         0         0         0         0         0         0         0         0         0         0       
  -0.21      1.3      -0.016     1         0.04     -0.026     0.035     0.82     -0.24      0.0079   -0.0062    0.0076    0         0         0         0         0         0         0         0         0         0         0         0         0         0         0         0         0         0         0         0         0         0         0       
  -2.9      -0.39     -0.58      0.06      1.3      -0.27      0         0         0         0         0         0         0.42      0.0039   -0.13      1.8       1.5       0.056     0         0         0         0         0         0         0         0         0         0         0         0         0         0         0         0         0       
  -0.43      3         0.2       1.2       0.011     0.12      0         0         0         0         0         0         0.0039    0.17     -2.3      -0.073    -0.05      0.8       0         0         0         0         0         0         0         0         0         0         0         0         0         0         0         0         0       
   0.81     -5.1      -0.23     -3.1      -0.15      0.27      0         0         0         0         0         0        -0.13     -2.3       0.1      -0.008    -0.006    -0.31      0         0         0         0         0         0         0         0         0         0         0         0         0         0         0         0         0       
  -3        -0.59      1.3      -0.27      2.2      -0.24      0         0         0         0         0         0         1.8      -0.073    -0.008     0.13      0.72     -0.0024    0         0         0         0         0         0         0         0         0         0         0         0         0         0         0         0         0       
  -2.2      -0.32     -1.2       0.077     1.7      -0.15      0         0         0         0         0         0         1.5      -0.05     -0.006     0.72      0.01      0.0018    0         0         0         0         0         0         0         0         0         0         0         0         0         0         0         0         0       
  -0.23      1.3       0.0079    1         0.064    -0.1       0         0         0         0         0         0         0.056     0.8      -0.31     -0.0024    0.0018    0.0076    0         0         0         0         0         0         0         0         0         0         0         0         0         0         0         0         0       
   0.054     0.26      0.74     -0.012    -0.0019    0.89      0         0         0         0         0         0         0         0         0         0         0         0         0.094    -0.053     0.0056    0.97      0.23      1.3       1         0.12      1         0.86     -0.88     -0.0054    0.91     -1.1       0.097    -1.1       0.38    
   0.43     -3.1       0.04      1.1       0.02     -0.053     0         0         0         0         0         0         0         0         0         0         0         0        -0.053     0.87     -0.053     0.1      -0.032     0.57     -0.95      0.23     -0.83      0.6      -0.36     -0.042     0.84      0.66      0.25      0.45      0.71    
   3.9       0.61     -0.71     -0.078     1.2       0.0056    0         0         0         0         0         0         0         0         0         0         0         0         0.0056   -0.053     0.56     -0.32     -0.065    -0.23      0.78     -0.07      1        -0.18     -0.25     -0.025    -0.044     0.51     -0.067     0.84     -0.0045  
  -4.8      -0.77      0.57      0.12     -0.59      0.97      0         0         0         0         0         0         0         0         0         0         0         0         0.97      0.1      -0.32      0.075    -0.024     0.43      1.7      -0.012     1.9       0.25      0         0         0         0         0         0         0       
  -0.33      4.5       1.2      -0.19     -0.051     0.23      0         0         0         0         0         0         0         0         0         0         0         0         0.23     -0.032    -0.065    -0.024     0.057     2        -0.37      0.4      -0.35      1.2       0         0         0         0         0         0         0       
  -2         6.3       1.6       0.34     -0.29      1.3       0         0         0         0         0         0         0         0         0         0         0         0         1.3       0.57     -0.23      0.43      2         0.021     0.011     0.077     0.063     0.59      0         0         0         0         0         0         0       
  -4.1      -0.39     -3.8      -0.97      0.52      1         0         0         0         0         0         0         0         0         0         0         0         0         1        -0.95      0.78      1.7      -0.37      0.011     0.026    -0.067     1.2      -0.03      0         0         0         0         0         0         0       
  -0.15      0.83      0.35      0.2      -0.068     0.12      0         0         0         0         0         0         0         0         0         0         0         0         0.12      0.23     -0.07     -0.012     0.4       0.077    -0.067     0.004    -0.037     0.04      0         0         0         0         0         0         0       
  -3.4      -0.18     -3        -0.86      0.83      1         0         0         0         0         0         0         0         0         0         0         0         0         1        -0.83      1         1.9      -0.35      0.063     1.2      -0.037     0.009    -0.00014   0         0         0         0         0         0         0       
  -1         2.6       1         0.51     -0.21      0.86      0         0         0         0         0         0         0         0         0         0         0         0         0.86      0.6      -0.18      0.25      1.2       0.59     -0.03      0.04     -0.00014   0.0061    0         0         0         0         0         0         0       
  -4.6      -0.12      1.7      -0.37     -0.49     -0.88      0         0         0         0         0         0         0         0         0         0         0         0        -0.88     -0.36     -0.25      0         0         0         0         0         0         0         0.072    -0.016    -0.8       1.7      -0.17      1.9      -0.22    
  -0.76      4.3      -1        -0.2      -0.039    -0.0054    0         0         0         0         0         0         0         0         0         0         0         0        -0.0054   -0.042    -0.025     0         0         0         0         0         0         0        -0.016     0.063     2.2       0.62      0.47      0.33      1.2     
   1.2       7        -2.1       0.6       0.071     0.91      0         0         0         0         0         0         0         0         0         0         0         0         0.91      0.84     -0.044     0         0         0         0         0         0         0        -0.8       2.2       0.017     0.019     0.094    -0.1       0.5     
  -5.1       0.34     -2.3       0.61      0.25     -1.1       0         0         0         0         0         0         0         0         0         0         0         0        -1.1       0.66      0.51      0         0         0         0         0         0         0         1.7       0.62      0.019     0.026    -0.0095    1.1       0.12    
   0.18      1.1      -0.31      0.21     -0.047     0.097     0         0         0         0         0         0         0         0         0         0         0         0         0.097     0.25     -0.067     0         0         0         0         0         0         0        -0.17      0.47      0.094    -0.0095    0.004    -0.024     0.054   
  -4.3      -0.43     -1.4       0.43      0.63     -1.1       0         0         0         0         0         0         0         0         0         0         0         0        -1.1       0.45      0.84      0         0         0         0         0         0         0         1.9       0.33     -0.1       1.1      -0.024     0.009    -0.00098 
  -0.0093    2.8      -0.84      0.61      0.022     0.38      0         0         0         0         0         0         0         0         0         0         0         0         0.38      0.71     -0.0045    0         0         0         0         0         0         0        -0.22      1.2       0.5       0.12      0.054    -0.00098   0.0061  

QLDIAGINV
   0.12    
   0.093   
   0.031   
   2.4     
   7.6     
   10      
   2.5     
   5       
   12      
   7.6     
   1e+02   
   1.3e+02 
   2.4     
   5.7     
   9.7     
   7.6     
   1e+02   
   1.3e+02 
   11      
   1.1     
   1.8     
   13      
   17      
   48      
   38      
   2.5e+02 
   1.1e+02 
   1.6e+02 
   14      
   16      
   60      
   38      
   2.5e+02 
   1.1e+02 
   1.6e+02 

QLDIAGSQRTINV
   0.34    
   0.3     
   0.18    
   1.6     
   2.8     
   3.2     
   1.6     
   2.2     
   3.5     
   2.7     
   10      
   11      
   1.5     
   2.4     
   3.1     
   2.7     
   10      
   11      
   3.3     
   1.1     
   1.3     
   3.7     
   4.2     
   7       
   6.2     
   16      
   11      
   13      
   3.7     
   4       
   7.7     
   6.2     
   16      
   11      
   13      

B_rownnz              35 35 12 12 12 12 12 12 12 12 12 12 12 12 23 23 23 16 16 16 16 16 16 16 16 16 16 16 16 16 16

B_rowadr              0 35 70 82 94 106 118 130 142 154 166 178 190 202 214 237 260 283 299 315 331 347 363 379 395 411 427 443 459 475 491

B_colind              0 1 2 3 4 5 6 7 8 9 10 11 12 13 14 15 16 17 18 19 20 21 22 23 24 25 26 27 28 29 30 31 32 33 34 0 1 2 3 4 5 6 7 8 9 10 11 12 13 14 15 16 17 18 19 20 21 22 23 24 25 26 27 28 29 30 31 32 33 34 0 1 2 3 4 5 6 7 8 9 10 11 0 1 2 3 4 5 6 7 8 9 10 11 0 1 2 3 4 5 6 7 8 9 10 11 0 1 2 3 4 5 6 7 8 9 10 11 0 1 2 3 4 5 6 7 8 9 10 11 0 1 2 3 4 5 6 7 8 9 10 11 0 1 2 3 4 5 12 13 14 15 16 17 0 1 2 3 4 5 12 13 14 15 16 17 0 1 2 3 4 5 12 13 14 15 16 17 0 1 2 3 4 5 12 13 14 15 16 17 0 1 2 3 4 5 12 13 14 15 16 17 0 1 2 3 4 5 12 13 14 15 16 17 0 1 2 3 4 5 18 19 20 21 22 23 24 25 26 27 28 29 30 31 32 33 34 0 1 2 3 4 5 18 19 20 21 22 23 24 25 26 27 28 29 30 31 32 33 34 0 1 2 3 4 5 18 19 20 21 22 23 24 25 26 27 28 29 30 31 32 33 34 0 1 2 3 4 5 18 19 20 21 22 23 24 25 26 27 0 1 2 3 4 5 18 19 20 21 22 23 24 25 26 27 0 1 2 3 4 5 18 19 20 21 22 23 24 25 26 27 0 1 2 3 4 5 18 19 20 21 22 23 24 25 26 27 0 1 2 3 4 5 18 19 20 21 22 23 24 25 26 27 0 1 2 3 4 5 18 19 20 21 22 23 24 25 26 27 0 1 2 3 4 5 18 19 20 21 22 23 24 25 26 27 0 1 2 3 4 5 18 19 20 28 29 30 31 32 33 34 0 1 2 3 4 5 18 19 20 28 29 30 31 32 33 34 0 1 2 3 4 5 18 19 20 28 29 30 31 32 33 34 0 1 2 3 4 5 18 19 20 28 29 30 31 32 33 34 0 1 2 3 4 5 18 19 20 28 29 30 31 32 33 34 0 1 2 3 4 5 18 19 20 28 29 30 31 32 33 34 0 1 2 3 4 5 18 19 20 28 29 30 31 32 33 34

C_rownnz              35 35 35 35 35 35 12 12 12 12 12 12 12 12 12 12 12 12 23 23 23 16 16 16 16 16 16 16 16 16 16 16 16 16 16

C_rowadr              0 35 70 105 140 175 210 222 234 246 258 270 282 294 306 318 330 342 354 377 400 423 439 455 471 487 503 519 535 551 567 583 599 615 631

C_colind              0 1 2 3 4 5 6 7 8 9 10 11 12 13 14 15 16 17 18 19 20 21 22 23 24 25 26 27 28 29 30 31 32 33 34 0 1 2 3 4 5 6 7 8 9 10 11 12 13 14 15 16 17 18 19 20 21 22 23 24 25 26 27 28 29 30 31 32 33 34 0 1 2 3 4 5 6 7 8 9 10 11 12 13 14 15 16 17 18 19 20 21 22 23 24 25 26 27 28 29 30 31 32 33 34 0 1 2 3 4 5 6 7 8 9 10 11 12 13 14 15 16 17 18 19 20 21 22 23 24 25 26 27 28 29 30 31 32 33 34 0 1 2 3 4 5 6 7 8 9 10 11 12 13 14 15 16 17 18 19 20 21 22 23 24 25 26 27 28 29 30 31 32 33 34 0 1 2 3 4 5 6 7 8 9 10 11 12 13 14 15 16 17 18 19 20 21 22 23 24 25 26 27 28 29 30 31 32 33 34 0 1 2 3 4 5 6 7 8 9 10 11 0 1 2 3 4 5 6 7 8 9 10 11 0 1 2 3 4 5 6 7 8 9 10 11 0 1 2 3 4 5 6 7 8 9 10 11 0 1 2 3 4 5 6 7 8 9 10 11 0 1 2 3 4 5 6 7 8 9 10 11 0 1 2 3 4 5 12 13 14 15 16 17 0 1 2 3 4 5 12 13 14 15 16 17 0 1 2 3 4 5 12 13 14 15 16 17 0 1 2 3 4 5 12 13 14 15 16 17 0 1 2 3 4 5 12 13 14 15 16 17 0 1 2 3 4 5 12 13 14 15 16 17 0 1 2 3 4 5 18 19 20 21 22 23 24 25 26 27 28 29 30 31 32 33 34 0 1 2 3 4 5 18 19 20 21 22 23 24 25 26 27 28 29 30 31 32 33 34 0 1 2 3 4 5 18 19 20 21 22 23 24 25 26 27 28 29 30 31 32 33 34 0 1 2 3 4 5 18 19 20 21 22 23 24 25 26 27 0 1 2 3 4 5 18 19 20 21 22 23 24 25 26 27 0 1 2 3 4 5 18 19 20 21 22 23 24 25 26 27 0 1 2 3 4 5 18 19 20 21 22 23 24 25 26 27 0 1 2 3 4 5 18 19 20 21 22 23 24 25 26 27 0 1 2 3 4 5 18 19 20 21 22 23 24 25 26 27 0 1 2 3 4 5 18 19 20 21 22 23 24 25 26 27 0 1 2 3 4 5 18 19 20 28 29 30 31 32 33 34 0 1 2 3 4 5 18 19 20 28 29 30 31 32 33 34 0 1 2 3 4 5 18 19 20 28 29 30 31 32 33 34 0 1 2 3 4 5 18 19 20 28 29 30 31 32 33 34 0 1 2 3 4 5 18 19 20 28 29 30 31 32 33 34 0 1 2 3 4 5 18 19 20 28 29 30 31 32 33 34 0 1 2 3 4 5 18 19 20 28 29 30 31 32 33 34

mapM2C                0 2 5 9 14 20 27 35 44 54 65 77 84 92 101 111 122 134 141 149 158 168 179 191 204 218 233 249 259 270 282 295 309 324 340 2 1 4 8 13 19 26 34 43 53 64 76 83 91 100 110 121 133 140 148 157 167 178 190 203 217 232 248 258 269 281 294 308 323 339 5 4 3 7 12 18 25 33 42 52 63 75 82 90 99 109 120 132 139 147 156 166 177 189 202 216 231 247 257 268 280 293 307 322 338 9 8 7 6 11 17 24 32 41 51 62 74 81 89 98 108 119 131 138 146 155 165 176 188 201 215 230 246 256 267 279 292 306 321 337 14 13 12 11 10 16 23 31 40 50 61 73 80 88 97 107 118 130 137 145 154 164 175 187 200 214 229 245 255 266 278 291 305 320 336 20 19 18 17 16 15 22 30 39 49 60 72 79 87 96 106 117 129 136 144 153 163 174 186 199 213 228 244 254 265 277 290 304 319 335 27 26 25 24 23 22 21 29 38 48 59 71 35 34 33 32 31 30 29 28 37 47 58 70 44 43 42 41 40 39 38 37 36 46 57 69 54 53 52 51 50 49 48 47 46 45 56 68 65 64 63 62 61 60 59 58 57 56 55 67 77 76 75 74 73 72 71 70 69 68 67 66 84 83 82 81 80 79 78 86 95 105 116 128 92 91 90 89 88 87 86 85 94 104 115 127 101 100 99 98 97 96 95 94 93 103 114 126 111 110 109 108 107 106 105 104 103 102 113 125 122 121 120 119 118 117 116 115 114 113 112 124 134 133 132 131 130 129 128 127 126 125 124 123 141 140 139 138 137 136 135 143 152 162 173 185 198 212 227 243 253 264 276 289 303 318 334 149 148 147 146 145 144 143 142 151 161 172 184 197 211 226 242 252 263 275 288 302 317 333 158 157 156 155 154 153 152 151 150 160 171 183 196 210 225 241 251 262 274 287 301 316 332 168 167 166 165 164 163 162 161 160 159 170 182 195 209 224 240 179 178 177 176 175 174 173 172 171 170 169 181 194 208 223 239 191 190 189 188 187 186 185 184 183 182 181 180 193 207 222 238 204 203 202 201 200 199 198 197 196 195 194 193 192 206 221 237 218 217 216 215 214 213 212 211 210 209 208 207 206 205 220 236 233 232 231 230 229 228 227 226 225 224 223 222 221 220 219 235 249 248 247 246 245 244 243 242 241 240 239 238 237 236 235 234 259 258 257 256 255 254 253 252 251 250 261 273 286 300 315 331 270 269 268 267 266 265 264 263 262 261 260 272 285 299 314 330 282 281 280 279 278 277 276 275 274 273 272 271 284 298 313 329 295 294 293 292 291 290 289 288 287 286 285 284 283 297 312 328 309 308 307 306 305 304 303 302 301 300 299 298 297 296 311 327 324 323 322 321 320 319 318 317 316 315 314 313 312 311 310 326 340 339 338 337 336 335 334 333 332 331 330 329 328 327 326 325

D_rownnz              35 35 35 35 35 35 12 12 12 12 12 12 12 12 12 12 12 12 23 23 23 16 16 16 16 16 16 16 16 16 16 16 16 16 16

D_rowadr              0 35 70 105 140 175 210 222 234 246 258 270 282 294 306 318 330 342 354 377 400 423 439 455 471 487 503 519 535 551 567 583 599 615 631

D_colind              0 1 2 3 4 5 6 7 8 9 10 11 12 13 14 15 16 17 18 19 20 21 22 23 24 25 26 27 28 29 30 31 32 33 34 0 1 2 3 4 5 6 7 8 9 10 11 12 13 14 15 16 17 18 19 20 21 22 23 24 25 26 27 28 29 30 31 32 33 34 0 1 2 3 4 5 6 7 8 9 10 11 12 13 14 15 16 17 18 19 20 21 22 23 24 25 26 27 28 29 30 31 32 33 34 0 1 2 3 4 5 6 7 8 9 10 11 12 13 14 15 16 17 18 19 20 21 22 23 24 25 26 27 28 29 30 31 32 33 34 0 1 2 3 4 5 6 7 8 9 10 11 12 13 14 15 16 17 18 19 20 21 22 23 24 25 26 27 28 29 30 31 32 33 34 0 1 2 3 4 5 6 7 8 9 10 11 12 13 14 15 16 17 18 19 20 21 22 23 24 25 26 27 28 29 30 31 32 33 34 0 1 2 3 4 5 6 7 8 9 10 11 0 1 2 3 4 5 6 7 8 9 10 11 0 1 2 3 4 5 6 7 8 9 10 11 0 1 2 3 4 5 6 7 8 9 10 11 0 1 2 3 4 5 6 7 8 9 10 11 0 1 2 3 4 5 6 7 8 9 10 11 0 1 2 3 4 5 12 13 14 15 16 17 0 1 2 3 4 5 12 13 14 15 16 17 0 1 2 3 4 5 12 13 14 15 16 17 0 1 2 3 4 5 12 13 14 15 16 17 0 1 2 3 4 5 12 13 14 15 16 17 0 1 2 3 4 5 12 13 14 15 16 17 0 1 2 3 4 5 18 19 20 21 22 23 24 25 26 27 28 29 30 31 32 33 34 0 1 2 3 4 5 18 19 20 21 22 23 24 25 26 27 28 29 30 31 32 33 34 0 1 2 3 4 5 18 19 20 21 22 23 24 25 26 27 28 29 30 31 32 33 34 0 1 2 3 4 5 18 19 20 21 22 23 24 25 26 27 0 1 2 3 4 5 18 19 20 21 22 23 24 25 26 27 0 1 2 3 4 5 18 19 20 21 22 23 24 25 26 27 0 1 2 3 4 5 18 19 20 21 22 23 24 25 26 27 0 1 2 3 4 5 18 19 20 21 22 23 24 25 26 27 0 1 2 3 4 5 18 19 20 21 22 23 24 25 26 27 0 1 2 3 4 5 18 19 20 21 22 23 24 25 26 27 0 1 2 3 4 5 18 19 20 28 29 30 31 32 33 34 0 1 2 3 4 5 18 19 20 28 29 30 31 32 33 34 0 1 2 3 4 5 18 19 20 28 29 30 31 32 33 34 0 1 2 3 4 5 18 19 20 28 29 30 31 32 33 34 0 1 2 3 4 5 18 19 20 28 29 30 31 32 33 34 0 1 2 3 4 5 18 19 20 28 29 30 31 32 33 34 0 1 2 3 4 5 18 19 20 28 29 30 31 32 33 34

mapM2D                0 2 5 9 14 20 27 35 44 54 65 77 84 92 101 111 122 134 141 149 158 168 179 191 204 218 233 249 259 270 282 295 309 324 340 2 1 4 8 13 19 26 34 43 53 64 76 83 91 100 110 121 133 140 148 157 167 178 190 203 217 232 248 258 269 281 294 308 323 339 5 4 3 7 12 18 25 33 42 52 63 75 82 90 99 109 120 132 139 147 156 166 177 189 202 216 231 247 257 268 280 293 307 322 338 9 8 7 6 11 17 24 32 41 51 62 74 81 89 98 108 119 131 138 146 155 165 176 188 201 215 230 246 256 267 279 292 306 321 337 14 13 12 11 10 16 23 31 40 50 61 73 80 88 97 107 118 130 137 145 154 164 175 187 200 214 229 245 255 266 278 291 305 320 336 20 19 18 17 16 15 22 30 39 49 60 72 79 87 96 106 117 129 136 144 153 163 174 186 199 213 228 244 254 265 277 290 304 319 335 27 26 25 24 23 22 21 29 38 48 59 71 35 34 33 32 31 30 29 28 37 47 58 70 44 43 42 41 40 39 38 37 36 46 57 69 54 53 52 51 50 49 48 47 46 45 56 68 65 64 63 62 61 60 59 58 57 56 55 67 77 76 75 74 73 72 71 70 69 68 67 66 84 83 82 81 80 79 78 86 95 105 116 128 92 91 90 89 88 87 86 85 94 104 115 127 101 100 99 98 97 96 95 94 93 103 114 126 111 110 109 108 107 106 105 104 103 102 113 125 122 121 120 119 118 117 116 115 114 113 112 124 134 133 132 131 130 129 128 127 126 125 124 123 141 140 139 138 137 136 135 143 152 162 173 185 198 212 227 243 253 264 276 289 303 318 334 149 148 147 146 145 144 143 142 151 161 172 184 197 211 226 242 252 263 275 288 302 317 333 158 157 156 155 154 153 152 151 150 160 171 183 196 210 225 241 251 262 274 287 301 316 332 168 167 166 165 164 163 162 161 160 159 170 182 195 209 224 240 179 178 177 176 175 174 173 172 171 170 169 181 194 208 223 239 191 190 189 188 187 186 185 184 183 182 181 180 193 207 222 238 204 203 202 201 200 199 198 197 196 195 194 193 192 206 221 237 218 217 216 215 214 213 212 211 210 209 208 207 206 205 220 236 233 232 231 230 229 228 227 226 225 224 223 222 221 220 219 235 249 248 247 246 245 244 243 242 241 240 239 238 237 236 235 234 259 258 257 256 255 254 253 252 251 250 261 273 286 300 315 331 270 269 268 267 266 265 264 263 262 261 260 272 285 299 314 330 282 281 280 279 278 277 276 275 274 273 272 271 284 298 313 329 295 294 293 292 291 290 289 288 287 286 285 284 283 297 312 328 309 308 307 306 305 304 303 302 301 300 299 298 297 296 311 327 324 323 322 321 320 319 318 317 316 315 314 313 312 311 310 326 340 339 338 337 336 335 334 333 332 331 330 329 328 327 326 325

mapD2M                0 36 35 72 71 70 108 107 106 105 144 143 142 141 140 180 179 178 177 176 175 216 215 214 213 212 211 210 229 228 227 226 225 224 223 222 242 241 240 239 238 237 236 235 234 255 254 253 252 251 250 249 248 247 246 268 267 266 265 264 263 262 261 260 259 258 281 280 279 278 277 276 275 274 273 272 271 270 288 287 286 285 284 283 282 301 300 299 298 297 296 295 294 314 313 312 311 310 309 308 307 306 327 326 325 324 323 322 321 320 319 318 340 339 338 337 336 335 334 333 332 331 330 353 352 351 350 349 348 347 346 345 344 343 342 360 359 358 357 356 355 354 384 383 382 381 380 379 378 377 408 407 406 405 404 403 402 401 400 432 431 430 429 428 427 426 425 424 423 449 448 447 446 445 444 443 442 441 440 439 466 465 464 463 462 461 460 459 458 457 456 455 483 482 481 480 479 478 477 476 475 474 473 472 471 500 499 498 497 496 495 494 493 492 491 490 489 488 487 517 516 515 514 513 512 511 510 509 508 507 506 505 504 503 534 533 532 531 530 529 528 527 526 525 524 523 522 521 520 519 544 543 542 541 540 539 538 537 536 535 561 560 559 558 557 556 555 554 553 552 551 578 577 576 575 574 573 572 571 570 569 568 567 595 594 593 592 591 590 589 588 587 586 585 584 583 612 611 610 609 608 607 606 605 604 603 602 601 600 599 629 628 627 626 625 624 623 622 621 620 619 618 617 616 615 646 645 644 643 642 641 640 639 638 637 636 635 634 633 632 631

QDERIV
   0         0         0         0         0         0         0         0         0         0         0         0         0         0         0         0         0         0         0         0         0         0         0         0         0         0         0         0         0         0         0         0         0         0         0       
   0         0         0         0         0         0         0         0         0         0         0         0         0         0         0         0         0         0         0         0         0         0         0         0         0         0         0         0         0         0         0         0         0         0         0       
   0         0         0         0         0         0         0         0         0         0         0         0         0         0         0         0         0         0         0         0         0         0         0         0         0         0         0         0         0         0         0         0         0         0         0       
   0         0         0         0         0         0         0         0         0         0         0         0         0         0         0         0         0         0         0         0         0         0         0         0         0         0         0         0         0         0         0         0         0         0         0       
   0         0         0         0         0         0         0         0         0         0         0         0         0         0         0         0         0         0         0         0         0         0         0         0         0         0         0         0         0         0         0         0         0         0         0       
   0         0         0         0         0         0         0         0         0         0         0         0         0         0         0         0         0         0         0         0         0         0         0         0         0         0         0         0         0         0         0         0         0         0         0       
   0         0         0         0         0         0         0         0         0         0         0         0         0         0         0         0         0         0         0         0         0         0         0         0         0         0         0         0         0         0         0         0         0         0         0       
   0         0         0         0         0         0         0         0         0         0         0         0         0         0         0         0         0         0         0         0         0         0         0         0         0         0         0         0         0         0         0         0         0         0         0       
   0         0         0         0         0         0         0         0         0         0         0         0         0         0         0         0         0         0         0         0         0         0         0         0         0         0         0         0         0         0         0         0         0         0         0       
   0         0         0         0         0         0         0         0         0         0         0         0         0         0         0         0         0         0         0         0         0         0         0         0         0         0         0         0         0         0         0         0         0         0         0       
   0         0         0         0         0         0         0         0         0         0         0         0         0         0         0         0         0         0         0         0         0         0         0         0         0         0         0         0         0         0         0         0         0         0         0       
   0         0         0         0         0         0         0         0         0         0         0         0         0         0         0         0         0         0         0         0         0         0         0         0         0         0         0         0         0         0         0         0         0         0         0       
   0         0         0         0         0         0         0         0         0         0         0         0         0         0         0         0         0         0         0         0         0         0         0         0         0         0         0         0         0         0         0         0         0         0         0       
   0         0         0         0         0         0         0         0         0         0         0         0         0         0         0         0         0         0         0         0         0         0         0         0         0         0         0         0         0         0         0         0         0         0         0       
   0         0         0         0         0         0         0         0         0         0         0         0         0         0         0         0         0         0         0         0         0         0         0         0         0         0         0         0         0         0         0         0         0         0         0       
   0         0         0         0         0         0         0         0         0         0         0         0         0         0         0         0         0         0         0         0         0         0         0         0         0         0         0         0         0         0         0         0         0         0         0       
   0         0         0         0         0         0         0         0         0         0         0         0         0         0         0         0         0         0         0         0         0         0         0         0         0         0         0         0         0         0         0         0         0         0         0       
   0         0         0         0         0         0         0         0         0         0         0         0         0         0         0         0         0         0         0         0         0         0         0         0         0         0         0         0         0         0         0         0         0         0         0       
   0         0         0         0         0         0         0         0         0         0         0         0         0         0         0         0         0         0         0         0         0         0         0         0         0         0         0         0         0         0         0         0         0         0         0       
   0         0         0         0         0         0         0         0         0         0         0         0         0         0         0         0         0         0         0         0         0         0         0         0         0         0         0         0         0         0         0         0         0         0         0       
   0         0         0         0         0         0         0         0         0         0         0         0         0         0         0         0         0         0         0         0         0         0         0         0         0         0         0         0         0         0         0         0         0         0         0       
   0         0         0         0         0         0         0         0         0         0         0         0         0         0         0         0         0         0         0         0         0         0         0         0         0         0         0         0         0         0         0         0         0         0         0       
   0         0         0         0         0         0         0         0         0         0         0         0         0         0         0         0         0         0         0         0         0         0         0         0         0         0         0         0         0         0         0         0         0         0         0       
   0         0         0         0         0         0         0         0         0         0         0         0         0         0         0         0         0         0         0         0         0         0         0         0         0         0         0         0         0         0         0         0         0         0         0       
   0         0         0         0         0         0         0         0         0         0         0         0         0         0         0         0         0         0         0         0         0         0         0         0         0         0         0         0         0         0         0         0         0         0         0       
   0         0         0         0         0         0         0         0         0         0         0         0         0         0         0         0         0         0         0         0         0         0         0         0         0         0         0         0         0         0         0         0         0         0         0       
   0         0         0         0         0         0         0         0         0         0         0         0         0         0         0         0         0         0         0         0         0         0         0         0         0         0         0         0         0         0         0         0         0         0         0       
   0         0         0         0         0         0         0         0         0         0         0         0         0         0         0         0         0         0         0         0         0         0         0         0         0         0         0         0         0         0         0         0         0         0         0       
   0         0         0         0         0         0         0         0         0         0         0         0         0         0         0         0         0         0         0         0         0         0         0         0         0         0         0         0         0         0         0         0         0         0         0       
   0         0         0         0         0         0         0         0         0         0         0         0         0         0         0         0         0         0         0         0         0         0         0         0         0         0         0         0         0         0         0         0         0         0         0       
   0         0         0         0         0         0         0         0         0         0         0         0         0         0         0         0         0         0         0         0         0         0         0         0         0         0         0         0         0         0         0         0         0         0         0       
   0         0         0         0         0         0         0         0         0         0         0         0         0         0         0         0         0         0         0         0         0         0         0         0         0         0         0         0         0         0         0         0         0         0         0       
   0         0         0         0         0         0         0         0         0         0         0         0         0         0         0         0         0         0         0         0         0         0         0         0         0         0         0         0         0         0         0         0         0         0         0       
   0         0         0         0         0         0         0         0         0         0         0         0         0         0         0         0         0         0         0         0         0         0         0         0         0         0         0         0         0         0         0         0         0         0         0       
   0         0         0         0         0         0         0         0         0         0         0         0         0         0         0         0         0         0         0         0         0         0         0         0         0         0         0         0         0         0         0         0         0         0         0       

QLU
   0         0         0         0         0         0         0         0         0         0         0         0         0         0         0         0         0         0         0         0         0         0         0         0         0         0         0         0         0         0         0         0         0         0         0       
   0         0         0         0         0         0         0         0         0         0         0         0         0         0         0         0         0         0         0         0         0         0         0         0         0         0         0         0         0         0         0         0         0         0         0       
   0         0         0         0         0         0         0         0         0         0         0         0         0         0         0         0         0         0         0         0         0         0         0         0         0         0         0         0         0         0         0         0         0         0         0       
   0         0         0         0         0         0         0         0         0         0         0         0         0         0         0         0         0         0         0         0         0         0         0         0         0         0         0         0         0         0         0         0         0         0         0       
   0         0         0         0         0         0         0         0         0         0         0         0         0         0         0         0         0         0         0         0         0         0         0         0         0         0         0         0         0         0         0         0         0         0         0       
   0         0         0         0         0         0         0         0         0         0         0         0         0         0         0         0         0         0         0         0         0         0         0         0         0         0         0         0         0         0         0         0         0         0         0       
   0         0         0         0         0         0         0         0         0         0         0         0         0         0         0         0         0         0         0         0         0         0         0         0         0         0         0         0         0         0         0         0         0         0         0       
   0         0         0         0         0         0         0         0         0         0         0         0         0         0         0         0         0         0         0         0         0         0         0         0         0         0         0         0         0         0         0         0         0         0         0       
   0         0         0         0         0         0         0         0         0         0         0         0         0         0         0         0         0         0         0         0         0         0         0         0         0         0         0         0         0         0         0         0         0         0         0       
   0         0         0         0         0         0         0         0         0         0         0         0         0         0         0         0         0         0         0         0         0         0         0         0         0         0         0         0         0         0         0         0         0         0         0       
   0         0         0         0         0         0         0         0         0         0         0         0         0         0         0         0         0         0         0         0         0         0         0         0         0         0         0         0         0         0         0         0         0         0         0       
   0         0         0         0         0         0         0         0         0         0         0         0         0         0         0         0         0         0         0         0         0         0         0         0         0         0         0         0         0         0         0         0         0         0         0       
   0         0         0         0         0         0         0         0         0         0         0         0         0         0         0         0         0         0         0         0         0         0         0         0         0         0         0         0         0         0         0         0         0         0         0       
   0         0         0         0         0         0         0         0         0         0         0         0         0         0         0         0         0         0         0         0         0         0         0         0         0         0         0         0         0         0         0         0         0         0         0       
   0         0         0         0         0         0         0         0         0         0         0         0         0         0         0         0         0         0         0         0         0         0         0         0         0         0         0         0         0         0         0         0         0         0         0       
   0         0         0         0         0         0         0         0         0         0         0         0         0         0         0         0         0         0         0         0         0         0         0         0         0         0         0         0         0         0         0         0         0         0         0       
   0         0         0         0         0         0         0         0         0         0         0         0         0         0         0         0         0         0         0         0         0         0         0         0         0         0         0         0         0         0         0         0         0         0         0       
   0         0         0         0         0         0         0         0         0         0         0         0         0         0         0         0         0         0         0         0         0         0         0         0         0         0         0         0         0         0         0         0         0         0         0       
   0         0         0         0         0         0         0         0         0         0         0         0         0         0         0         0         0         0         0         0         0         0         0         0         0         0         0         0         0         0         0         0         0         0         0       
   0         0         0         0         0         0         0         0         0         0         0         0         0         0         0         0         0         0         0         0         0         0         0         0         0         0         0         0         0         0         0         0         0         0         0       
   0         0         0         0         0         0         0         0         0         0         0         0         0         0         0         0         0         0         0         0         0         0         0         0         0         0         0         0         0         0         0         0         0         0         0       
   0         0         0         0         0         0         0         0         0         0         0         0         0         0         0         0         0         0         0         0         0         0         0         0         0         0         0         0         0         0         0         0         0         0         0       
   0         0         0         0         0         0         0         0         0         0         0         0         0         0         0         0         0         0         0         0         0         0         0         0         0         0         0         0         0         0         0         0         0         0         0       
   0         0         0         0         0         0         0         0         0         0         0         0         0         0         0         0         0         0         0         0         0         0         0         0         0         0         0         0         0         0         0         0         0         0         0       
   0         0         0         0         0         0         0         0         0         0         0         0         0         0         0         0         0         0         0         0         0         0         0         0         0         0         0         0         0         0         0         0         0         0         0       
   0         0         0         0         0         0         0         0         0         0         0         0         0         0         0         0         0         0         0         0         0         0         0         0         0         0         0         0         0         0         0         0         0         0         0       
   0         0         0         0         0         0         0         0         0         0         0         0         0         0         0         0         0         0         0         0         0         0         0         0         0         0         0         0         0         0         0         0         0         0         0       
   0         0         0         0         0         0         0         0         0         0         0         0         0         0         0         0         0         0         0         0         0         0         0         0         0         0         0         0         0         0         0         0         0         0         0       
   0         0         0         0         0         0         0         0         0         0         0         0         0         0         0         0         0         0         0         0         0         0         0         0         0         0         0         0         0         0         0         0         0         0         0       
   0         0         0         0         0         0         0         0         0         0         0         0         0         0         0         0         0         0         0         0         0         0         0         0         0         0         0         0         0         0         0         0         0         0         0       
   0         0         0         0         0         0         0         0         0         0         0         0         0         0         0         0         0         0         0         0         0         0         0         0         0         0         0         0         0         0         0         0         0         0         0       
   0         0         0         0         0         0         0         0         0         0         0         0         0         0         0         0         0         0         0         0         0         0         0         0         0         0         0         0         0         0         0         0         0         0         0       
   0         0         0         0         0         0         0         0         0         0         0         0         0         0         0         0         0         0         0         0         0         0         0         0         0         0         0         0         0         0         0         0         0         0         0       
   0         0         0         0         0         0         0         0         0         0         0         0         0         0         0         0         0         0         0         0         0         0         0         0         0         0         0         0         0         0         0         0         0         0         0       
   0         0         0         0         0         0         0         0         0         0         0         0         0         0         0         0         0         0         0         0         0         0         0         0         0         0         0         0         0         0         0         0         0         0         0       

CONTACT
  0:
     dim           3
     geoms         floor : 15
     exclude       0
     efc_address   0
     solref         0.02      1       
     solimp         0.9       0.95      0.001     0.5       2       
     dist          -0.00085 
     includemargin  0       
     pos            2.4      -0.024    -0.00043 
     frame          0         0         1         0         1         0        -1         0         0       
     friction       1         1         0.005     0.0001    0.0001  
     mu             1       
  1:
     dim           3
     geoms         floor : 15
     exclude       0
     efc_address   4
     solref         0.02      1       
     solimp         0.9       0.95      0.001     0.5       2       
     dist          -0.00042 
     includemargin  0       
     pos            2.2      -0.0017   -0.00021 
     frame          0         0         1         0         1         0        -1         0         0       
     friction       1         1         0.005     0.0001    0.0001  
     mu             1       
  2:
     dim           3
     geoms         floor : 15
     exclude       0
     efc_address   8
     solref         0.02      1       
     solimp         0.9       0.95      0.001     0.5       2       
     dist          -0.0015  
     includemargin  0       
     pos            2.4       0.025    -0.00073 
     frame          0         0         1         0         1         0        -1         0         0       
     friction       1         1         0.005     0.0001    0.0001  
     mu             1       
  3:
     dim           3
     geoms         floor : 27
     exclude       0
     efc_address   12
     solref         0.02      1       
     solimp         0.9       0.95      0.001     0.5       2       
     dist          -0.00076 
     includemargin  0       
     pos            2.3      -0.15     -0.00038 
     frame          0         0         1         0         1         0        -1         0         0       
     friction       1         1         0.005     0.0001    0.0001  
     mu             1       
  4:
     dim           3
     geoms         floor : 27
     exclude       0
     efc_address   16
     solref         0.02      1       
     solimp         0.9       0.95      0.001     0.5       2       
     dist          -0.00046 
     includemargin  0       
     pos            2.3      -0.1      -0.00023 
     frame          0         0         1         0         1         0        -1         0         0       
     friction       1         1         0.005     0.0001    0.0001  
     mu             1       

EFC_TYPE
  6
  6
  6
  6
  6
  6
  6
  6
  6
  6
  6
  6
  6
  6
  6
  6
  6
  6
  6
  6

EFC_ID
  0
  0
  0
  0
  1
  1
  1
  1
  2
  2
  2
  2
  3
  3
  3
  3
  4
  4
  4
  4

EFC_J
   0         1         1         0.77     -0.14      0.059    -0.13      0.52     -0.08     -0.097    -0.14      0.0084    0         0         0         0         0         0         0         0         0         0         0         0         0         0         0         0         0         0         0         0         0         0         0       
   0        -1         1        -0.77      0.053    -0.062     0.038    -0.75      0.12      0.023    -0.092    -0.059     0         0         0         0         0         0         0         0         0         0         0         0         0         0         0         0         0         0         0         0         0         0         0       
  -1         0         1         0.092     0.73      0.032     0.63     -0.051    -0.016     0.3      -0.066    -0.02      0         0         0         0         0         0         0         0         0         0         0         0         0         0         0         0         0         0         0         0         0         0         0       
   1         0         1        -0.093    -0.81     -0.034    -0.71     -0.17      0.052    -0.38     -0.17     -0.031     0         0         0         0         0         0         0         0         0         0         0         0         0         0         0         0         0         0         0         0         0         0         0       
   0         1         1         0.82      0.041    -0.11      0.05      0.54     -0.24      0.096     0.049     0.059     0         0         0         0         0         0         0         0         0         0         0         0         0         0         0         0         0         0         0         0         0         0         0       
   0        -1         1        -0.73      0.22      0.12      0.2      -0.67      0.3       0.17      0.05     -0.01      0         0         0         0         0         0         0         0         0         0         0         0         0         0         0         0         0         0         0         0         0         0         0       
  -1         0         1         0.14      0.9       0.061     0.8      -0.0028    0.021     0.47      0.099     0.03      0         0         0         0         0         0         0         0         0         0         0         0         0         0         0         0         0         0         0         0         0         0         0       
   1         0         1        -0.049    -0.64     -0.05     -0.54     -0.13      0.045    -0.2       0.00082   0.019     0         0         0         0         0         0         0         0         0         0         0         0         0         0         0         0         0         0         0         0         0         0         0       
   0         1         1         0.82     -0.13      0.053    -0.12      0.57     -0.097    -0.096    -0.14      0.059     0         0         0         0         0         0         0         0         0         0         0         0         0         0         0         0         0         0         0         0         0         0         0       
   0        -1         1        -0.72      0.055    -0.053     0.04     -0.7       0.12      0.022    -0.094    -0.0096    0         0         0         0         0         0         0         0         0         0         0         0         0         0         0         0         0         0         0         0         0         0         0       
  -1         0         1         0.14      0.73      0.082     0.63      0.0076    0.023     0.3      -0.073     0.03      0         0         0         0         0         0         0         0         0         0         0         0         0         0         0         0         0         0         0         0         0         0         0       
   1         0         1        -0.041    -0.81     -0.082    -0.71     -0.13     -0.005    -0.37     -0.16      0.019     0         0         0         0         0         0         0         0         0         0         0         0         0         0         0         0         0         0         0         0         0         0         0       
   0         1         1         0.65     -0.082     0.02      0         0         0         0         0         0        -0.073     0.63     -0.15     -0.047    -0.12      0.009     0         0         0         0         0         0         0         0         0         0         0         0         0         0         0         0         0       
   0        -1         1        -0.89      0.1      -0.026     0         0         0         0         0         0         0.089    -0.63      0.15      0.072    -0.1      -0.058     0         0         0         0         0         0         0         0         0         0         0         0         0         0         0         0         0       
  -1         0         1        -0.025     0.79     -0.097     0         0         0         0         0         0         0.68      0.08     -0.056     0.35     -0.043    -0.015     0         0         0         0         0         0         0         0         0         0         0         0         0         0         0         0         0       
   1         0         1        -0.22     -0.76      0.091     0         0         0         0         0         0        -0.67     -0.081     0.052    -0.32     -0.18     -0.034     0         0         0         0         0         0         0         0         0         0         0         0         0         0         0         0         0       
   0         1         1         0.7      -0.079     0.012     0         0         0         0         0         0        -0.07      0.68     -0.17     -0.047    -0.12      0.06      0         0         0         0         0         0         0         0         0         0         0         0         0         0         0         0         0       
   0        -1         1        -0.84      0.11     -0.016     0         0         0         0         0         0         0.092    -0.58      0.14      0.072    -0.1      -0.0098    0         0         0         0         0         0         0         0         0         0         0         0         0         0         0         0         0       
  -1         0         1         0.023     0.79     -0.046     0         0         0         0         0         0         0.68      0.14     -0.017     0.35     -0.041     0.027     0         0         0         0         0         0         0         0         0         0         0         0         0         0         0         0         0       
   1         0         1        -0.17     -0.76      0.043     0         0         0         0         0         0        -0.66     -0.041    -0.0052   -0.33     -0.18      0.022     0         0         0         0         0         0         0         0         0         0         0         0         0         0         0         0         0       

EFC_POS
  -0.00085 
  -0.00085 
  -0.00085 
  -0.00085 
  -0.00042 
  -0.00042 
  -0.00042 
  -0.00042 
  -0.0015  
  -0.0015  
  -0.0015  
  -0.0015  
  -0.00076 
  -0.00076 
  -0.00076 
  -0.00076 
  -0.00046 
  -0.00046 
  -0.00046 
  -0.00046 

EFC_MARGIN
   0       
   0       
   0       
   0       
   0       
   0       
   0       
   0       
   0       
   0       
   0       
   0       
   0       
   0       
   0       
   0       
   0       
   0       
   0       
   0       

EFC_FRICTIONLOSS
   0       
   0       
   0       
   0       
   0       
   0       
   0       
   0       
   0       
   0       
   0       
   0       
   0       
   0       
   0       
   0       
   0       
   0       
   0       
   0       

EFC_DIAGAPPROX
   2       
   2       
   2       
   2       
   2       
   2       
   2       
   2       
   2       
   2       
   2       
   2       
   2       
   2       
   2       
   2       
   2       
   2       
   2       
   2       

EFC_KBIP
   2.8e+03   1.1e+02   0.95     -30      
   2.8e+03   1.1e+02   0.95     -30      
   2.8e+03   1.1e+02   0.95     -30      
   2.8e+03   1.1e+02   0.95     -30      
   2.8e+03   1.1e+02   0.92     -84      
   2.8e+03   1.1e+02   0.92     -84      
   2.8e+03   1.1e+02   0.92     -84      
   2.8e+03   1.1e+02   0.92     -84      
   2.8e+03   1.1e+02   0.95      0       
   2.8e+03   1.1e+02   0.95      0       
   2.8e+03   1.1e+02   0.95      0       
   2.8e+03   1.1e+02   0.95      0       
   2.8e+03   1.1e+02   0.94     -47      
   2.8e+03   1.1e+02   0.94     -47      
   2.8e+03   1.1e+02   0.94     -47      
   2.8e+03   1.1e+02   0.94     -47      
   2.8e+03   1.1e+02   0.92     -92      
   2.8e+03   1.1e+02   0.92     -92      
   2.8e+03   1.1e+02   0.92     -92      
   2.8e+03   1.1e+02   0.92     -92      

EFC_D
   9       
   9       
   9       
   9       
   5.6     
   5.6     
   5.6     
   5.6     
   9.5     
   9.5     
   9.5     
   9.5     
   8.5     
   8.5     
   8.5     
   8.5     
   5.8     
   5.8     
   5.8     
   5.8     

EFC_R
   0.11    
   0.11    
   0.11    
   0.11    
   0.18    
   0.18    
   0.18    
   0.18    
   0.11    
   0.11    
   0.11    
   0.11    
   0.12    
   0.12    
   0.12    
   0.12    
   0.17    
   0.17    
   0.17    
   0.17    

ACTUATOR_VELOCITY
  -0.071   
  -0.037   
  -0.0062  
   0.031   
   0.019   
  -0.019   
  -0.028   
  -0.04    
  -0.017   
  -0.037   
  -0.021   
   0.021   
  -0.013   
   0.3     
   0.095   
  -0.082   
   0.065   
   0.092   
  -0.015   
  -0.1     
  -0.023   
  -0.14    
   0.087   
   0.19    
   0.0052  
  -0.066   
  -0.034   
  -0.045   
  -0.15    

CVEL
   0         0         0         0         0         0       
  -0.011     0.032     0.025    -0.015     0.027    -0.0021  
  -0.0029   -0.038     0.028    -0.017     0.027    -0.00095 
  -0.039    -0.043     0.021    -0.018     0.029     0.0033  
  -0.037    -0.043     0.015    -0.019     0.029     0.0031  
  -0.042    -0.013     0.01     -0.0079    0.031     0.0028  
  -0.045     0.0054    0.0077    0.0039    0.032     0.0011  
  -0.064     0.0023    0.0078    0.0019    0.045     0.0017  
  -0.008     0.0045    0.026    -0.016     0.027    -0.0017  
  -0.047    -0.00051   0.019    -0.015     0.029    -0.0063  
  -0.044     0.00077   0.0022   -0.013     0.029    -0.0059  
  -0.038    -0.036     0.00057  -0.026     0.027    -0.0052  
  -0.034    -0.056    -0.00038  -0.039     0.025    -0.0022  
  -0.013    -0.052    -0.0035   -0.036     0.011    -0.0003  
  -0.012     0.032     0.013    -0.015     0.027    -0.0021  
   0.29      0.073     0.0037   -0.02      0.06     -0.004   
   0.28      0.17      0.0015   -0.032     0.059    -0.0055  
   0.29      0.089    -0.019    -0.0056    0.062    -0.0064  
   0.35      0.095    -0.017    -0.0076    0.085    -0.016   
   0.35      0.073     0.072     0.015     0.085    -0.016   
   0.35      0.059     0.068     0.017     0.086    -0.017   
   0.29      0.021     0.13      0.037     0.074    -0.0029  
   0.29      0.00016   0.13      0.037     0.075    -0.0065  
   0.19     -0.0051    0.035     0.012     0.08      0.022   
   0.26      0.25     -0.024    -0.06      0.054    -0.0046  
   0.45      0.27     -0.068    -0.061     0.12      0.02    
   0.45      0.27     -0.063    -0.062     0.13      0.02    
   0.44      0.21     -0.045    -0.054     0.12      0.017   
   0.43      0.22     -0.016    -0.061     0.12      0.015   
   0.43      0.18     -0.00088  -0.061     0.12      0.012   
   0.29      0.16     -0.047    -0.05      0.12     -0.023   

CDOF_DOT
   0         0         0         0         0         0       
   0         0         0         0         0         0       
   0         0         0         0         0         0       
  -0         0         0        -0.0006   -0.0021   -0.029   
  -0         0         0         0.0008   -0.00021  -0.0092  
   0         0         0         0.028     0.013    -0.0011  
  -0.026    -0.0034   -0.0074    0.00063   0.00023  -0.012   
  -0.011     0.028     0.037     0.011     0.0027   -0.027   
  -0.044     0.033    -0.013     0.026     0.02      0.0083  
  -0.0083   -0.0077   -0.043    -0.0076    0.0016   -0.00075 
  -0.0083   -0.0077   -0.043    -0.0069    0.0011    0.0015  
  -0.0012    0.0073   -0.012     0.0045    0.00062  -0.002   
  -0.026    -0.0034   -0.0074    0.00063   0.00023  -0.012   
  -0.0024    0.027    -0.0054    0.0071    0.0018   -0.028   
   0.00093   0.043     0.0035    0.028     0.013     0.0068  
  -0.0022    0.0016   -0.043     0.007     0.0015   -0.011   
  -0.0022    0.0016   -0.043     0.011    -0.003    -0.0033  
   0.0083   -0.0054    0.049    -0.0085   -0.0049   -0.0012  
   0.031     0.012    -0.0012    0.027     0.015    -0.0014  
  -0.0027    0.012    -0.033    -0.0021   -0.0028   -0.03    
  -0.0053    0.0061    0.3       0.0015    0.0043   -0.007   
   0.041    -0.07      0.28      0.022     0.0053    0.019   
   0.0047   -0.028    -0.06     -0.0041    0.038     0.043   
   0.088    -0.34     -0.084     0.079     0.0024   -0.019   
  -0.05     -0.1       0.35      0.044    -0.032     0.028   
  -0.062     0.27      0.091    -0.065     0.035     0.0026  
  -0.12     -0.11      0.27      0.031    -0.057     0.04    
  -0.0047   -0.098     0.011     0.055     0.053    -0.066   
  -0.051     0.082     0.29     -0.01     -0.012     0.019   
  -0.054     0.035    -0.22      0.028    -0.051     0.039   
   0.27     -0.44      0.059     0.13      0.062     0.038   
  -0.015     0.12      0.39     -0.041    -0.023    -0.028   
  -0.19      0.35     -0.23     -0.076    -0.083    -0.044   
  -0.06      0.15      0.4      -0.041    -0.048    -0.052   
   0.055    -0.13     -0.12      0.078    -0.07     -0.1     

QFRC_BIAS
   0.0076  
   0.039   
   3.4e+02 
  -1.6     
  -4.8     
  -0.22    
  -0.27    
  -2.7     
   0.68    
   0.92    
  -0.15    
  -0.0012  
   0.43    
   0.77    
  -0.25    
   1.5     
  -0.12    
   0.00059 
  -0.16    
   0.74    
  -5.9     
  -1.6     
   1.8     
   0.33    
  -1.3     
   0.026   
  -0.26    
   0.062   
   0.26    
  -1.8     
  -0.36    
  -0.73    
  -0.012   
  -0.13    
  -0.05    

QFRC_SPRING
   0       
   0       
   0       
   0       
   0       
   0       
   0       
   0       
   0       
   0       
   0       
   0       
   0       
   0       
   0       
   0       
   0       
   0       
   0       
   0       
   0       
   0       
   0       
   0       
   0       
   0       
   0       
   0       
   0       
   0       
   0       
   0       
   0       
   0       
   0       

QFRC_DAMPER
   0       
   0       
   0       
   0       
   0       
   0       
   0       
   0       
   0       
   0       
   0       
   0       
   0       
   0       
   0       
   0       
   0       
   0       
   0       
   0       
   0       
   0       
   0       
   0       
   0       
   0       
   0       
   0       
   0       
   0       
   0       
   0       
   0       
   0       
   0       

QFRC_GRAVCOMP
   0       
   0       
   0       
   0       
   0       
   0       
   0       
   0       
   0       
   0       
   0       
   0       
   0       
   0       
   0       
   0       
   0       
   0       
   0       
   0       
   0       
   0       
   0       
   0       
   0       
   0       
   0       
   0       
   0       
   0       
   0       
   0       
   0       
   0       
   0       

QFRC_FLUID
   0       
   0       
   0       
   0       
   0       
   0       
   0       
   0       
   0       
   0       
   0       
   0       
   0       
   0       
   0       
   0       
   0       
   0       
   0       
   0       
   0       
   0       
   0       
   0       
   0       
   0       
   0       
   0       
   0       
   0       
   0       
   0       
   0       
   0       
   0       

QFRC_PASSIVE
   0       
   0       
   0       
   0       
   0       
   0       
   0       
   0       
   0       
   0       
   0       
   0       
   0       
   0       
   0       
   0       
   0       
   0       
   0       
   0       
   0       
   0       
   0       
   0       
   0       
   0       
   0       
   0       
   0       
   0       
   0       
   0       
   0       
   0       
   0       

EFC_VEL
   0.0012  
   0.001   
   0.0009  
   0.0013  
  -0.0012  
   0.0013  
   3.4e-05 
   8.3e-05 
  -0.0021  
  -0.002   
  -0.0019  
  -0.0022  
   0.0021  
  -0.00061 
   0.00046 
   0.001   
   0.00097 
  -0.0018  
  -0.00084 
   4e-05   

EFC_AREF
   2.1     
   2.1     
   2.1     
   2.1     
   1.2     
   0.93    
   1.1     
   1.1     
   4.1     
   4.1     
   4.1     
   4.1     
   1.8     
   2.1     
   1.9     
   1.9     
   1.1     
   1.4     
   1.3     
   1.2     

SUBTREE_LINVEL
   0         0         0       
   0         0         0       
   0         0         0       
   0         0         0       
   0         0         0       
   0         0         0       
   0         0         0       
   0         0         0       
   0         0         0       
   0         0         0       
   0         0         0       
   0         0         0       
   0         0         0       
   0         0         0       
   0         0         0       
   0         0         0       
   0         0         0       
   0         0         0       
   0         0         0       
   0         0         0       
   0         0         0       
   0         0         0       
   0         0         0       
   0         0         0       
   0         0         0       
   0         0         0       
   0         0         0       
   0         0         0       
   0         0         0       
   0         0         0       
   0         0         0       

SUBTREE_ANGMOM
   0         0         0       
   0         0         0       
   0         0         0       
   0         0         0       
   0         0         0       
   0         0         0       
   0         0         0       
   0         0         0       
   0         0         0       
   0         0         0       
   0         0         0       
   0         0         0       
   0         0         0       
   0         0         0       
   0         0         0       
   0         0         0       
   0         0         0       
   0         0         0       
   0         0         0       
   0         0         0       
   0         0         0       
   0         0         0       
   0         0         0       
   0         0         0       
   0         0         0       
   0         0         0       
   0         0         0       
   0         0         0       
   0         0         0       
   0         0         0       
   0         0         0       

ACTUATOR_FORCE
   6.9     
   16      
  -2.6     
   6.4     
   26      
  -2.7     
  -1.5     
   1.9     
  -0.46    
  -0.2     
   10      
   1       
  -0.41    
  -0.6     
  -5.3     
  -1.4     
   1.5     
   0.25    
  -1.2     
   0.024   
  -0.23    
   0.053   
   0.55    
  -2.2     
  -0.48    
  -0.7     
  -0.017   
  -0.11    
  -0.064   

QFRC_ACTUATOR
   0       
   0       
   0       
   0       
   0       
   0       
   6.9     
   16      
  -2.6     
   6.4     
   26      
  -2.7     
  -1.5     
   1.9     
  -0.46    
  -0.2     
   10      
   1       
  -0.41    
  -0.6     
  -5.3     
  -1.4     
   1.5     
   0.25    
  -1.2     
   0.024   
  -0.23    
   0.053   
   0.55    
  -2.2     
  -0.48    
  -0.7     
  -0.017   
  -0.11    
  -0.064   

QFRC_SMOOTH
  -0.0076  
  -0.039   
  -3.4e+02 
   1.6     
   4.8     
   0.22    
   7.1     
   19      
  -3.3     
   5.5     
   26      
  -2.7     
  -1.9     
   1.1     
  -0.21    
  -1.7     
   10      
   1       
  -0.25    
  -1.3     
   0.6     
   0.18    
  -0.32    
  -0.089   
   0.12    
  -0.0014  
   0.033   
  -0.009   
   0.3     
  -0.34    
  -0.11    
   0.03    
  -0.0053  
   0.019   
  -0.014   

QACC_SMOOTH
   0.76    
   0.35    
  -8.1     
  -46      
   17      
   19      
  -38      
   1.1e+02 
   72      
  -52      
   2.7e+03 
  -3.5e+02 
  -17      
   57      
  -14      
  -66      
   1.1e+03 
   1.3e+02 
  -11      
   51      
  -30      
   2.7     
  -3.1     
  -11      
  -19      
  -0.62    
   11      
   0.98    
   28      
  -17      
   9.7     
  -38      
   3       
   9.5     
   6.2     

EFC_B
  -3.8e+02 
  -2.7e+02 
  -2.2e+02 
  -4.3e+02 
   96      
   1e+02   
   2e+02   
  -1.8     
  -3.9e+02 
  -2.9e+02 
  -2.5e+02 
  -4.4e+02 
  -1.2e+02 
  -1.3e+02 
  -75      
  -1.8e+02 
  -1.1e+02 
  -1.2e+02 
  -65      
  -1.7e+02 

EFC_FORCE
   18      
   19      
   19      
   18      
   6.6     
   5.2     
   5.9     
   5.9     
   40      
   40      
   39      
   40      
   15      
   17      
   16      
   16      
   6.1     
   7.9     
   7.5     
   6.5     

EFC_STATE
  1
  1
  1
  1
  1
  1
  1
  1
  1
  1
  1
  1
  1
  1
  1
  1
  1
  1
  1
  1

QFRC_CONSTRAINT
  -1.2     
  -3.5     
   3.5e+02 
  -3.5     
  -3.9     
  -0.54    
  -7       
  -19      
   3.3     
  -5.5     
  -26      
   2.6     
   1.9     
  -1.2     
   0.2     
   1.8     
  -10      
  -1       
   0       
   0       
   0       
   0       
   0       
   0       
   0       
   0       
   0       
   0       
   0       
   0       
   0       
   0       
   0       
   0       
   0       

QFRC_INVERSE
   0       
   0       
   0       
   0       
   0       
   0       
   0       
   0       
   0       
   0       
   0       
   0       
   0       
   0       
   0       
   0       
   0       
   0       
   0       
   0       
   0       
   0       
   0       
   0       
   0       
   0       
   0       
   0       
   0       
   0       
   0       
   0       
   0       
   0       
   0       

CACC
   0         0         0         0         0         0       
   0         0         0         0         0         0       
   0         0         0         0         0         0       
   0         0         0         0         0         0       
   0         0         0         0         0         0       
   0         0         0         0         0         0       
   0         0         0         0         0         0       
   0         0         0         0         0         0       
   0         0         0         0         0         0       
   0         0         0         0         0         0       
   0         0         0         0         0         0       
   0         0         0         0         0         0       
   0         0         0         0         0         0       
   0         0         0         0         0         0       
   0         0         0         0         0         0       
   0         0         0         0         0         0       
   0         0         0         0         0         0       
   0         0         0         0         0         0       
   0         0         0         0         0         0       
   0         0         0         0         0         0       
   0         0         0         0         0         0       
   0         0         0         0         0         0       
   0         0         0         0         0         0       
   0         0         0         0         0         0       
   0         0         0         0         0         0       
   0         0         0         0         0         0       
   0         0         0         0         0         0       
   0         0         0         0         0         0       
   0         0         0         0         0         0       
   0         0         0         0         0         0       
   0         0         0         0         0         0       

CFRC_INT
   0         0         0         0         0         0       
   0         0         0         0         0         0       
   0         0         0         0         0         0       
   0         0         0         0         0         0       
   0         0         0         0         0         0       
   0         0         0         0         0         0       
   0         0         0         0         0         0       
   0         0         0         0         0         0       
   0         0         0         0         0         0       
   0         0         0         0         0         0       
   0         0         0         0         0         0       
   0         0         0         0         0         0       
   0         0         0         0         0         0       
   0         0         0         0         0         0       
   0         0         0         0         0         0       
   0         0         0         0         0         0       
   0         0         0         0         0         0       
   0         0         0         0         0         0       
   0         0         0         0         0         0       
   0         0         0         0         0         0       
   0         0         0         0         0         0       
   0         0         0         0         0         0       
   0         0         0         0         0         0       
   0         0         0         0         0         0       
   0         0         0         0         0         0       
   0         0         0         0         0         0       
   0         0         0         0         0         0       
   0         0         0         0         0         0       
   0         0         0         0         0         0       
   0         0         0         0         0         0       
   0         0         0         0         0         0       

CFRC_EXT
   0         0         0         0         0         0       
   0         0         0         0         0         0       
   0         0         0         0         0         0       
   0         0         0         0         0         0       
   0         0         0         0         0         0       
   0         0         0         0         0         0       
   0         0         0         0         0         0       
   0         0         0         0         0         0       
   0         0         0         0         0         0       
   0         0         0         0         0         0       
   0         0         0         0         0         0       
   0         0         0         0         0         0       
   0         0         0         0         0         0       
   0         0         0         0         0         0       
   0         0         0         0         0         0       
   0         0         0         0         0         0       
   0         0         0         0         0         0       
   0         0         0         0         0         0       
   0         0         0         0         0         0       
   0         0         0         0         0         0       
   0         0         0         0         0         0       
   0         0         0         0         0         0       
   0         0         0         0         0         0       
   0         0         0         0         0         0       
   0         0         0         0         0         0       
   0         0         0         0         0         0       
   0         0         0         0         0         0       
   0         0         0         0         0         0       
   0         0         0         0         0         0       
   0         0         0         0         0         0       
   0         0         0         0         0         0       

